"FixedDistrict","Year","Domain","Level 1","Level 2","Level 3","R#","Region"
"Achievement First Bridgeport Academy District","2016-17","Language",24.5,45.7,29.8,1,"Southwest"
"Achievement First Bridgeport Academy District","2016-17","Creative",12.8,67,20.2,1,"Southwest"
"Achievement First Bridgeport Academy District","2016-17","Personal",21.3,61.7,17,1,"Southwest"
"Achievement First Bridgeport Academy District","2016-17","Numeracy",20.2,51.1,28.7,1,"Southwest"
"Achievement First Bridgeport Academy District","2016-17","Literacy",24.5,47.9,27.7,1,"Southwest"
"Achievement First Bridgeport Academy District","2016-17","Physical",17,56.4,26.6,1,"Southwest"
"Achievement First Hartford Academy District","2016-17","Literacy",24.4,32.1,43.6,4,"North Central"
"Achievement First Hartford Academy District","2016-17","Personal",11.5,46.2,42.3,4,"North Central"
"Achievement First Hartford Academy District","2016-17","Creative",61.5,21.8,16.7,4,"North Central"
"Achievement First Hartford Academy District","2016-17","Physical",NA,71.8,28.2,4,"North Central"
"Achievement First Hartford Academy District","2016-17","Language",35.9,34.6,29.5,4,"North Central"
"Achievement First Hartford Academy District","2016-17","Numeracy",14.1,85.9,NA,4,"North Central"
"Amistad Academy District","2016-17","Creative",NA,7.5,92.5,2,"South Central"
"Amistad Academy District","2016-17","Physical",NA,5.4,94.6,2,"South Central"
"Amistad Academy District","2016-17","Language",8.6,14,77.4,2,"South Central"
"Amistad Academy District","2016-17","Literacy",8.6,24.7,66.7,2,"South Central"
"Amistad Academy District","2016-17","Numeracy",9.7,17.2,73.1,2,"South Central"
"Amistad Academy District","2016-17","Personal",8.6,28,63.4,2,"South Central"
"Andover School District","2016-17","Physical",NA,NA,NA,4,"North Central"
"Andover School District","2016-17","Language",NA,NA,NA,4,"North Central"
"Andover School District","2016-17","Literacy",NA,NA,NA,4,"North Central"
"Andover School District","2016-17","Numeracy",NA,NA,NA,4,"North Central"
"Andover School District","2016-17","Creative",NA,NA,NA,4,"North Central"
"Andover School District","2016-17","Personal",NA,NA,NA,4,"North Central"
"Ansonia School District","2016-17","Literacy",30.6,34.4,35,2,"South Central"
"Ansonia School District","2016-17","Creative",14.4,48.3,37.2,2,"South Central"
"Ansonia School District","2016-17","Physical",10.6,37.2,52.2,2,"South Central"
"Ansonia School District","2016-17","Personal",17.8,50.6,31.7,2,"South Central"
"Ansonia School District","2016-17","Language",26.7,37.8,35.6,2,"South Central"
"Ansonia School District","2016-17","Numeracy",23.9,36.1,40,2,"South Central"
"Area Cooperative Educational Services","2016-17","Physical",21.6,52.7,25.7,2,"South Central"
"Area Cooperative Educational Services","2016-17","Language",43.2,29.7,27,2,"South Central"
"Area Cooperative Educational Services","2016-17","Creative",23,40.5,36.5,2,"South Central"
"Area Cooperative Educational Services","2016-17","Literacy",33.8,40.5,25.7,2,"South Central"
"Area Cooperative Educational Services","2016-17","Numeracy",33.8,39.2,27,2,"South Central"
"Area Cooperative Educational Services","2016-17","Personal",27,41.9,31.1,2,"South Central"
"Ashford School District","2016-17","Personal",2.9,5.7,91.4,3,"Eastern"
"Ashford School District","2016-17","Physical",NA,25.7,74.3,3,"Eastern"
"Ashford School District","2016-17","Numeracy",2.9,42.9,54.3,3,"Eastern"
"Ashford School District","2016-17","Literacy",2.9,42.9,54.3,3,"Eastern"
"Ashford School District","2016-17","Language",2.9,34.3,62.9,3,"Eastern"
"Ashford School District","2016-17","Creative",2.9,5.7,91.4,3,"Eastern"
"Avon School District","2016-17","Physical",2,25.8,72.2,6,"Central"
"Avon School District","2016-17","Literacy",6.1,26.3,67.7,6,"Central"
"Avon School District","2016-17","Language",7.1,33.3,59.6,6,"Central"
"Avon School District","2016-17","Personal",4.5,29.8,65.7,6,"Central"
"Avon School District","2016-17","Creative",0.5,24.2,75.3,6,"Central"
"Avon School District","2016-17","Numeracy",3.5,25.3,71.2,6,"Central"
"Barkhamsted School District","2016-17","Personal",NA,NA,NA,5,"Western"
"Barkhamsted School District","2016-17","Creative",NA,NA,NA,5,"Western"
"Barkhamsted School District","2016-17","Literacy",NA,NA,NA,5,"Western"
"Barkhamsted School District","2016-17","Language",NA,NA,NA,5,"Western"
"Barkhamsted School District","2016-17","Numeracy",NA,NA,NA,5,"Western"
"Barkhamsted School District","2016-17","Physical",NA,NA,NA,5,"Western"
"Berlin School District","2016-17","Physical",18.1,66.7,15.2,6,"Central"
"Berlin School District","2016-17","Creative",14.6,64.3,21.1,6,"Central"
"Berlin School District","2016-17","Personal",25.7,53.2,21.1,6,"Central"
"Berlin School District","2016-17","Literacy",36.8,49.7,13.5,6,"Central"
"Berlin School District","2016-17","Language",26.3,52,21.6,6,"Central"
"Berlin School District","2016-17","Numeracy",25.7,61.4,12.9,6,"Central"
"Bethany School District","2016-17","Numeracy",17.6,35.3,47.1,2,"South Central"
"Bethany School District","2016-17","Creative",14.7,52.9,32.4,2,"South Central"
"Bethany School District","2016-17","Physical",14.7,41.2,44.1,2,"South Central"
"Bethany School District","2016-17","Literacy",23.5,41.2,35.3,2,"South Central"
"Bethany School District","2016-17","Language",20.6,41.2,38.2,2,"South Central"
"Bethany School District","2016-17","Personal",14.7,44.1,41.2,2,"South Central"
"Bethel School District","2016-17","Personal",5.3,31.7,63,5,"Western"
"Bethel School District","2016-17","Physical",5.8,23.1,71.2,5,"Western"
"Bethel School District","2016-17","Numeracy",13,34.6,52.4,5,"Western"
"Bethel School District","2016-17","Creative",2.4,19.2,78.4,5,"Western"
"Bethel School District","2016-17","Literacy",13.9,36.5,49.5,5,"Western"
"Bethel School District","2016-17","Language",13.9,30.8,55.3,5,"Western"
"Bloomfield School District","2016-17","Physical",8.6,45.7,45.7,4,"North Central"
"Bloomfield School District","2016-17","Personal",17.3,57.4,25.3,4,"North Central"
"Bloomfield School District","2016-17","Literacy",26.5,53.7,19.8,4,"North Central"
"Bloomfield School District","2016-17","Numeracy",24.7,55.6,19.8,4,"North Central"
"Bloomfield School District","2016-17","Creative",10.5,51.9,37.7,4,"North Central"
"Bloomfield School District","2016-17","Language",19.1,50.6,30.2,4,"North Central"
"Bolton School District","2016-17","Language",20,36,44,4,"North Central"
"Bolton School District","2016-17","Numeracy",18,34,48,4,"North Central"
"Bolton School District","2016-17","Personal",18,40,42,4,"North Central"
"Bolton School District","2016-17","Physical",4,36,60,4,"North Central"
"Bolton School District","2016-17","Literacy",22,34,44,4,"North Central"
"Bolton School District","2016-17","Creative",6,34,60,4,"North Central"
"Booker T Washington Academy District","2016-17","Creative",11.9,61.9,26.2,2,"South Central"
"Booker T Washington Academy District","2016-17","Physical",19,54.8,26.2,2,"South Central"
"Booker T Washington Academy District","2016-17","Personal",21.4,63.1,15.5,2,"South Central"
"Booker T Washington Academy District","2016-17","Numeracy",21.4,52.4,26.2,2,"South Central"
"Booker T Washington Academy District","2016-17","Literacy",32.1,54.8,13.1,2,"South Central"
"Booker T Washington Academy District","2016-17","Language",20.2,59.5,20.2,2,"South Central"
"Bozrah School District","2016-17","Numeracy",NA,NA,NA,3,"Eastern"
"Bozrah School District","2016-17","Personal",NA,NA,NA,3,"Eastern"
"Bozrah School District","2016-17","Language",NA,NA,NA,3,"Eastern"
"Bozrah School District","2016-17","Creative",NA,NA,NA,3,"Eastern"
"Bozrah School District","2016-17","Physical",NA,NA,NA,3,"Eastern"
"Bozrah School District","2016-17","Literacy",NA,NA,NA,3,"Eastern"
"Branford School District","2016-17","Numeracy",9.7,54.6,35.7,2,"South Central"
"Branford School District","2016-17","Creative",6.6,49.5,43.9,2,"South Central"
"Branford School District","2016-17","Language",15.8,47.4,36.7,2,"South Central"
"Branford School District","2016-17","Physical",8.7,48.5,42.9,2,"South Central"
"Branford School District","2016-17","Personal",10.7,51.5,37.8,2,"South Central"
"Branford School District","2016-17","Literacy",12.2,56.6,31.1,2,"South Central"
"Brass City Charter School District","2016-17","Numeracy",14.7,41.2,44.1,5,"Western"
"Brass City Charter School District","2016-17","Physical",2.9,38.2,58.8,5,"Western"
"Brass City Charter School District","2016-17","Literacy",14.7,50,35.3,5,"Western"
"Brass City Charter School District","2016-17","Personal",14.7,58.8,26.5,5,"Western"
"Brass City Charter School District","2016-17","Language",8.8,35.3,55.9,5,"Western"
"Brass City Charter School District","2016-17","Creative",5.9,23.5,70.6,5,"Western"
"Bridgeport School District","2016-17","Numeracy",31.1,41.9,27,1,"Southwest"
"Bridgeport School District","2016-17","Literacy",33.3,40.3,26.4,1,"Southwest"
"Bridgeport School District","2016-17","Creative",16.2,45.7,38.1,1,"Southwest"
"Bridgeport School District","2016-17","Personal",24.3,44.2,31.5,1,"Southwest"
"Bridgeport School District","2016-17","Physical",14.4,45.9,39.8,1,"Southwest"
"Bridgeport School District","2016-17","Language",30.3,41.2,28.5,1,"Southwest"
"Bristol School District","2016-17","Personal",17.4,43.1,39.5,6,"Central"
"Bristol School District","2016-17","Numeracy",18.9,38.8,42.3,6,"Central"
"Bristol School District","2016-17","Physical",10.1,41.8,48,6,"Central"
"Bristol School District","2016-17","Creative",10,45.4,44.7,6,"Central"
"Bristol School District","2016-17","Literacy",19.2,37.7,43.1,6,"Central"
"Bristol School District","2016-17","Language",18.3,41.3,40.4,6,"Central"
"Brookfield School District","2016-17","Numeracy",13.4,24.8,61.8,5,"Western"
"Brookfield School District","2016-17","Physical",7,11.5,81.5,5,"Western"
"Brookfield School District","2016-17","Personal",8.3,22.9,68.8,5,"Western"
"Brookfield School District","2016-17","Literacy",14,26.8,59.2,5,"Western"
"Brookfield School District","2016-17","Creative",5.1,10.2,84.7,5,"Western"
"Brookfield School District","2016-17","Language",10.8,23.6,65.6,5,"Western"
"Brooklyn School District","2016-17","Numeracy",21.8,20.7,57.5,3,"Eastern"
"Brooklyn School District","2016-17","Creative",14.9,8,77,3,"Eastern"
"Brooklyn School District","2016-17","Physical",13.8,28.7,57.5,3,"Eastern"
"Brooklyn School District","2016-17","Literacy",21.8,19.5,58.6,3,"Eastern"
"Brooklyn School District","2016-17","Language",21.8,34.5,43.7,3,"Eastern"
"Brooklyn School District","2016-17","Personal",18.4,33.3,48.3,3,"Eastern"
"Canaan School District","2016-17","Creative",NA,NA,NA,5,"Western"
"Canaan School District","2016-17","Numeracy",NA,NA,NA,5,"Western"
"Canaan School District","2016-17","Personal",NA,NA,NA,5,"Western"
"Canaan School District","2016-17","Literacy",NA,NA,NA,5,"Western"
"Canaan School District","2016-17","Language",NA,NA,NA,5,"Western"
"Canaan School District","2016-17","Physical",NA,NA,NA,5,"Western"
"Canterbury School District","2016-17","Physical",6.5,89.1,4.3,3,"Eastern"
"Canterbury School District","2016-17","Numeracy",19.6,71.7,8.7,3,"Eastern"
"Canterbury School District","2016-17","Language",19.6,69.6,10.9,3,"Eastern"
"Canterbury School District","2016-17","Creative",8.7,87,4.3,3,"Eastern"
"Canterbury School District","2016-17","Personal",8.7,80.4,10.9,3,"Eastern"
"Canterbury School District","2016-17","Literacy",23.9,65.2,10.9,3,"Eastern"
"Canton School District","2016-17","Physical",3.1,19.6,77.3,6,"Central"
"Canton School District","2016-17","Numeracy",6.2,21.6,72.2,6,"Central"
"Canton School District","2016-17","Personal",8.2,27.8,63.9,6,"Central"
"Canton School District","2016-17","Creative",2.1,28.9,69.1,6,"Central"
"Canton School District","2016-17","Literacy",8.2,29.9,61.9,6,"Central"
"Canton School District","2016-17","Language",4.1,36.1,59.8,6,"Central"
"Capital Preparatory Harbor School Inc. District","2016-17","Physical",NA,NA,NA,1,"Southwest"
"Capital Preparatory Harbor School Inc. District","2016-17","Numeracy",NA,NA,NA,1,"Southwest"
"Capital Preparatory Harbor School Inc. District","2016-17","Creative",NA,NA,NA,1,"Southwest"
"Capital Preparatory Harbor School Inc. District","2016-17","Literacy",NA,NA,NA,1,"Southwest"
"Capital Preparatory Harbor School Inc. District","2016-17","Personal",NA,NA,NA,1,"Southwest"
"Capital Preparatory Harbor School Inc. District","2016-17","Language",NA,NA,NA,1,"Southwest"
"Capitol Region Education Council","2016-17","Physical",8.1,43.1,48.9,4,"North Central"
"Capitol Region Education Council","2016-17","Personal",14.8,48.3,36.9,4,"North Central"
"Capitol Region Education Council","2016-17","Creative",7.9,47.6,44.5,4,"North Central"
"Capitol Region Education Council","2016-17","Literacy",21.6,39,39.4,4,"North Central"
"Capitol Region Education Council","2016-17","Numeracy",15.3,40.1,44.6,4,"North Central"
"Capitol Region Education Council","2016-17","Language",17.9,39.7,42.4,4,"North Central"
"Chaplin School District","2016-17","Physical",NA,NA,NA,3,"Eastern"
"Chaplin School District","2016-17","Creative",NA,NA,NA,3,"Eastern"
"Chaplin School District","2016-17","Personal",NA,NA,NA,3,"Eastern"
"Chaplin School District","2016-17","Language",NA,NA,NA,3,"Eastern"
"Chaplin School District","2016-17","Literacy",NA,NA,NA,3,"Eastern"
"Chaplin School District","2016-17","Numeracy",NA,NA,NA,3,"Eastern"
"Charter School for Young Children on Asylum Hill","2016-17","Numeracy",NA,NA,NA,4,"North Central"
"Charter School for Young Children on Asylum Hill","2016-17","Literacy",NA,NA,NA,4,"North Central"
"Charter School for Young Children on Asylum Hill","2016-17","Language",NA,NA,NA,4,"North Central"
"Charter School for Young Children on Asylum Hill","2016-17","Physical",NA,NA,NA,4,"North Central"
"Charter School for Young Children on Asylum Hill","2016-17","Personal",NA,NA,NA,4,"North Central"
"Charter School for Young Children on Asylum Hill","2016-17","Creative",NA,NA,NA,4,"North Central"
"Cheshire School District","2016-17","Numeracy",8.3,37.1,54.6,5,"Western"
"Cheshire School District","2016-17","Creative",6.7,40,53.3,5,"Western"
"Cheshire School District","2016-17","Personal",13.3,47.1,39.6,5,"Western"
"Cheshire School District","2016-17","Physical",7.1,34.6,58.3,5,"Western"
"Cheshire School District","2016-17","Language",15.4,37.9,46.7,5,"Western"
"Cheshire School District","2016-17","Literacy",10.4,40.8,48.8,5,"Western"
"Chester School District","2016-17","Literacy",14.3,17.9,67.9,3,"Eastern"
"Chester School District","2016-17","Numeracy",7.1,21.4,71.4,3,"Eastern"
"Chester School District","2016-17","Creative",7.1,NA,92.9,3,"Eastern"
"Chester School District","2016-17","Personal",7.1,14.3,78.6,3,"Eastern"
"Chester School District","2016-17","Language",3.6,14.3,82.1,3,"Eastern"
"Chester School District","2016-17","Physical",3.6,3.6,92.9,3,"Eastern"
"Clinton School District","2016-17","Numeracy",19.8,47.5,32.7,3,"Eastern"
"Clinton School District","2016-17","Literacy",23.8,48.5,27.7,3,"Eastern"
"Clinton School District","2016-17","Creative",5,50.5,44.6,3,"Eastern"
"Clinton School District","2016-17","Personal",12.9,55.4,31.7,3,"Eastern"
"Clinton School District","2016-17","Language",23.8,50.5,25.7,3,"Eastern"
"Clinton School District","2016-17","Physical",5,46.5,48.5,3,"Eastern"
"Colchester School District","2016-17","Physical",6.5,32.4,61.2,3,"Eastern"
"Colchester School District","2016-17","Numeracy",11.5,45.3,43.2,3,"Eastern"
"Colchester School District","2016-17","Personal",11.5,38.8,49.6,3,"Eastern"
"Colchester School District","2016-17","Literacy",15.1,50.4,34.5,3,"Eastern"
"Colchester School District","2016-17","Creative",4.3,30.2,65.5,3,"Eastern"
"Colchester School District","2016-17","Language",12.9,45.3,41.7,3,"Eastern"
"Colebrook School District","2016-17","Personal",NA,NA,NA,5,"Western"
"Colebrook School District","2016-17","Numeracy",NA,NA,NA,5,"Western"
"Colebrook School District","2016-17","Creative",NA,NA,NA,5,"Western"
"Colebrook School District","2016-17","Literacy",NA,NA,NA,5,"Western"
"Colebrook School District","2016-17","Physical",NA,NA,NA,5,"Western"
"Colebrook School District","2016-17","Language",NA,NA,NA,5,"Western"
"Columbia School District","2016-17","Numeracy",28.3,37,34.8,3,"Eastern"
"Columbia School District","2016-17","Personal",19.6,54.3,26.1,3,"Eastern"
"Columbia School District","2016-17","Literacy",26.1,50,23.9,3,"Eastern"
"Columbia School District","2016-17","Creative",13,54.3,32.6,3,"Eastern"
"Columbia School District","2016-17","Physical",15.2,52.2,32.6,3,"Eastern"
"Columbia School District","2016-17","Language",32.6,52.2,15.2,3,"Eastern"
"Common Ground High School District","2016-17","Numeracy",NA,NA,NA,2,"South Central"
"Common Ground High School District","2016-17","Personal",NA,NA,NA,2,"South Central"
"Common Ground High School District","2016-17","Language",NA,NA,NA,2,"South Central"
"Common Ground High School District","2016-17","Physical",NA,NA,NA,2,"South Central"
"Common Ground High School District","2016-17","Creative",NA,NA,NA,2,"South Central"
"Common Ground High School District","2016-17","Literacy",NA,NA,NA,2,"South Central"
"Connecticut","2016-17","Language",24.4,40.1,35.5,NA,NA
"Connecticut","2016-17","Numeracy",22,41.5,36.6,NA,NA
"Connecticut","2016-17","Literacy",25.4,40,34.6,NA,NA
"Connecticut","2016-17","Personal",19.5,43,37.5,NA,NA
"Connecticut","2016-17","Creative",13.1,41.3,45.5,NA,NA
"Connecticut","2016-17","Physical",12.5,41.2,46.3,NA,NA
"Connecticut Technical High School System","2016-17","Personal",NA,NA,NA,NA,NA
"Connecticut Technical High School System","2016-17","Language",NA,NA,NA,NA,NA
"Connecticut Technical High School System","2016-17","Literacy",NA,NA,NA,NA,NA
"Connecticut Technical High School System","2016-17","Creative",NA,NA,NA,NA,NA
"Connecticut Technical High School System","2016-17","Physical",NA,NA,NA,NA,NA
"Connecticut Technical High School System","2016-17","Numeracy",NA,NA,NA,NA,NA
"Cooperative Educational Services","2016-17","Creative",NA,9.8,90.2,1,"Southwest"
"Cooperative Educational Services","2016-17","Physical",2.4,7.3,90.2,1,"Southwest"
"Cooperative Educational Services","2016-17","Numeracy",9.8,22,68.3,1,"Southwest"
"Cooperative Educational Services","2016-17","Literacy",9.8,12.2,78,1,"Southwest"
"Cooperative Educational Services","2016-17","Language",7.3,36.6,56.1,1,"Southwest"
"Cooperative Educational Services","2016-17","Personal",7.3,12.2,80.5,1,"Southwest"
"Cornwall School District","2016-17","Numeracy",NA,NA,NA,5,"Western"
"Cornwall School District","2016-17","Language",NA,NA,NA,5,"Western"
"Cornwall School District","2016-17","Physical",NA,NA,NA,5,"Western"
"Cornwall School District","2016-17","Creative",NA,NA,NA,5,"Western"
"Cornwall School District","2016-17","Personal",NA,NA,NA,5,"Western"
"Cornwall School District","2016-17","Literacy",NA,NA,NA,5,"Western"
"Coventry School District","2016-17","Numeracy",36.2,49.1,14.7,3,"Eastern"
"Coventry School District","2016-17","Creative",10.3,46.6,43.1,3,"Eastern"
"Coventry School District","2016-17","Language",27.6,60.3,12.1,3,"Eastern"
"Coventry School District","2016-17","Physical",11.2,65.5,23.3,3,"Eastern"
"Coventry School District","2016-17","Personal",29.3,52.6,18.1,3,"Eastern"
"Coventry School District","2016-17","Literacy",37.9,47.4,14.7,3,"Eastern"
"Cromwell School District","2016-17","Creative",5,42.1,52.9,3,"Eastern"
"Cromwell School District","2016-17","Physical",5,45.7,49.3,3,"Eastern"
"Cromwell School District","2016-17","Language",14.3,53.6,32.1,3,"Eastern"
"Cromwell School District","2016-17","Literacy",20,45.7,34.3,3,"Eastern"
"Cromwell School District","2016-17","Personal",14.3,47.9,37.9,3,"Eastern"
"Cromwell School District","2016-17","Numeracy",7.9,48.6,43.6,3,"Eastern"
"Danbury School District","2016-17","Numeracy",33.4,37.6,28.9,5,"Western"
"Danbury School District","2016-17","Language",34.1,37.4,28.5,5,"Western"
"Danbury School District","2016-17","Literacy",33.8,37.4,28.8,5,"Western"
"Danbury School District","2016-17","Personal",26.7,44.2,29.1,5,"Western"
"Danbury School District","2016-17","Creative",21.4,42.1,36.5,5,"Western"
"Danbury School District","2016-17","Physical",18.2,43.5,38.3,5,"Western"
"Darien School District","2016-17","Numeracy",1.1,11.5,87.4,1,"Southwest"
"Darien School District","2016-17","Language",2.5,20.5,77,1,"Southwest"
"Darien School District","2016-17","Physical",1.4,10.1,88.5,1,"Southwest"
"Darien School District","2016-17","Creative",0.5,8.8,90.7,1,"Southwest"
"Darien School District","2016-17","Personal",2.7,21.6,75.6,1,"Southwest"
"Darien School District","2016-17","Literacy",2.2,14.8,83,1,"Southwest"
"Deep River School District","2016-17","Language",20,50,30,3,"Eastern"
"Deep River School District","2016-17","Numeracy",16.7,50,33.3,3,"Eastern"
"Deep River School District","2016-17","Creative",10,53.3,36.7,3,"Eastern"
"Deep River School District","2016-17","Personal",23.3,43.3,33.3,3,"Eastern"
"Deep River School District","2016-17","Literacy",26.7,46.7,26.7,3,"Eastern"
"Deep River School District","2016-17","Physical",20,40,40,3,"Eastern"
"Department of Mental Health and Addiction Services","2016-17","Language",NA,NA,NA,NA,NA
"Department of Mental Health and Addiction Services","2016-17","Numeracy",NA,NA,NA,NA,NA
"Department of Mental Health and Addiction Services","2016-17","Literacy",NA,NA,NA,NA,NA
"Department of Mental Health and Addiction Services","2016-17","Personal",NA,NA,NA,NA,NA
"Department of Mental Health and Addiction Services","2016-17","Creative",NA,NA,NA,NA,NA
"Department of Mental Health and Addiction Services","2016-17","Physical",NA,NA,NA,NA,NA
"Derby School District","2016-17","Physical",6.2,32,61.9,2,"South Central"
"Derby School District","2016-17","Creative",8.2,35.1,56.7,2,"South Central"
"Derby School District","2016-17","Personal",15.5,36.1,48.5,2,"South Central"
"Derby School District","2016-17","Numeracy",15.5,42.3,42.3,2,"South Central"
"Derby School District","2016-17","Literacy",21.6,29.9,48.5,2,"South Central"
"Derby School District","2016-17","Language",20.6,39.2,40.2,2,"South Central"
"Eastern Connecticut Regional Educational Services","2016-17","Creative",NA,NA,NA,3,"Eastern"
"Eastern Connecticut Regional Educational Services","2016-17","Personal",NA,NA,NA,3,"Eastern"
"Eastern Connecticut Regional Educational Services","2016-17","Numeracy",NA,NA,NA,3,"Eastern"
"Eastern Connecticut Regional Educational Services","2016-17","Literacy",NA,NA,NA,3,"Eastern"
"Eastern Connecticut Regional Educational Services","2016-17","Language",NA,NA,NA,3,"Eastern"
"Eastern Connecticut Regional Educational Services","2016-17","Physical",NA,NA,NA,3,"Eastern"
"Eastford School District","2016-17","Creative",NA,NA,NA,3,"Eastern"
"Eastford School District","2016-17","Personal",NA,NA,NA,3,"Eastern"
"Eastford School District","2016-17","Numeracy",NA,NA,NA,3,"Eastern"
"Eastford School District","2016-17","Language",NA,NA,NA,3,"Eastern"
"Eastford School District","2016-17","Literacy",NA,NA,NA,3,"Eastern"
"Eastford School District","2016-17","Physical",NA,NA,NA,3,"Eastern"
"East Granby School District","2016-17","Creative",1.6,1.6,96.8,4,"North Central"
"East Granby School District","2016-17","Language",4.8,14.3,81,4,"North Central"
"East Granby School District","2016-17","Physical",1.6,4.8,93.7,4,"North Central"
"East Granby School District","2016-17","Personal",6.3,9.5,84.1,4,"North Central"
"East Granby School District","2016-17","Numeracy",4.8,6.3,88.9,4,"North Central"
"East Granby School District","2016-17","Literacy",6.3,6.3,87.3,4,"North Central"
"East Haddam School District","2016-17","Creative",3.7,40.7,55.6,3,"Eastern"
"East Haddam School District","2016-17","Language",5.6,63,31.5,3,"Eastern"
"East Haddam School District","2016-17","Physical",5.6,53.7,40.7,3,"Eastern"
"East Haddam School District","2016-17","Personal",11.1,50,38.9,3,"Eastern"
"East Haddam School District","2016-17","Numeracy",7.4,57.4,35.2,3,"Eastern"
"East Haddam School District","2016-17","Literacy",13,57.4,29.6,3,"Eastern"
"East Hampton School District","2016-17","Numeracy",13.7,37.4,48.9,3,"Eastern"
"East Hampton School District","2016-17","Physical",11.5,33.8,54.7,3,"Eastern"
"East Hampton School District","2016-17","Creative",5.8,36,58.3,3,"Eastern"
"East Hampton School District","2016-17","Literacy",24.5,30.9,44.6,3,"Eastern"
"East Hampton School District","2016-17","Language",15.8,43.2,41,3,"Eastern"
"East Hampton School District","2016-17","Personal",11.5,46,42.4,3,"Eastern"
"East Hartford School District","2016-17","Numeracy",41.3,40.1,18.5,4,"North Central"
"East Hartford School District","2016-17","Creative",31,45.5,23.5,4,"North Central"
"East Hartford School District","2016-17","Literacy",44.4,35.4,20.2,4,"North Central"
"East Hartford School District","2016-17","Physical",28.9,43.9,27.2,4,"North Central"
"East Hartford School District","2016-17","Personal",40.4,42.5,17.1,4,"North Central"
"East Hartford School District","2016-17","Language",46.7,36.6,16.7,4,"North Central"
"East Haven School District","2016-17","Numeracy",28.4,49.1,22.5,2,"South Central"
"East Haven School District","2016-17","Personal",23.1,55.6,21.3,2,"South Central"
"East Haven School District","2016-17","Literacy",27.8,49.1,23.1,2,"South Central"
"East Haven School District","2016-17","Physical",17.2,58,24.9,2,"South Central"
"East Haven School District","2016-17","Language",27.8,50.3,21.9,2,"South Central"
"East Haven School District","2016-17","Creative",16.6,60.4,23.1,2,"South Central"
"East Lyme School District","2016-17","Personal",33.7,43,23.3,3,"Eastern"
"East Lyme School District","2016-17","Numeracy",25.6,46.5,27.9,3,"Eastern"
"East Lyme School District","2016-17","Physical",15.7,52.3,32,3,"Eastern"
"East Lyme School District","2016-17","Language",30.8,41.9,27.3,3,"Eastern"
"East Lyme School District","2016-17","Literacy",30.2,40.1,29.7,3,"Eastern"
"East Lyme School District","2016-17","Creative",18,51.2,30.8,3,"Eastern"
"Easton School District","2016-17","Personal",12.8,38.5,48.7,1,"Southwest"
"Easton School District","2016-17","Physical",9,30.8,60.3,1,"Southwest"
"Easton School District","2016-17","Language",14.1,34.6,51.3,1,"Southwest"
"Easton School District","2016-17","Literacy",14.1,55.1,30.8,1,"Southwest"
"Easton School District","2016-17","Numeracy",11.5,61.5,26.9,1,"Southwest"
"Easton School District","2016-17","Creative",9,29.5,61.5,1,"Southwest"
"East Windsor School District","2016-17","Creative",16.9,51.9,31.2,4,"North Central"
"East Windsor School District","2016-17","Language",24.7,53.2,22.1,4,"North Central"
"East Windsor School District","2016-17","Personal",23.4,51.9,24.7,4,"North Central"
"East Windsor School District","2016-17","Numeracy",19.5,48.1,32.5,4,"North Central"
"East Windsor School District","2016-17","Physical",16.9,50.6,32.5,4,"North Central"
"East Windsor School District","2016-17","Literacy",31.2,37.7,31.2,4,"North Central"
"Ellington School District","2016-17","Numeracy",12.6,21,66.5,4,"North Central"
"Ellington School District","2016-17","Creative",13.2,8.4,78.4,4,"North Central"
"Ellington School District","2016-17","Literacy",9.6,28.7,61.7,4,"North Central"
"Ellington School District","2016-17","Language",14.4,24.6,61.1,4,"North Central"
"Ellington School District","2016-17","Personal",15,22.8,62.3,4,"North Central"
"Ellington School District","2016-17","Physical",13.2,12,74.9,4,"North Central"
"Elm City College Preparatory School District","2016-17","Numeracy",9.7,30.6,59.7,2,"South Central"
"Elm City College Preparatory School District","2016-17","Personal",6.5,16.1,77.4,2,"South Central"
"Elm City College Preparatory School District","2016-17","Literacy",4.8,17.7,77.4,2,"South Central"
"Elm City College Preparatory School District","2016-17","Creative",NA,4.8,95.2,2,"South Central"
"Elm City College Preparatory School District","2016-17","Physical",3.2,4.8,91.9,2,"South Central"
"Elm City College Preparatory School District","2016-17","Language",8.1,25.8,66.1,2,"South Central"
"Elm City Montessori School District","2016-17","Physical",2.9,8.8,88.2,2,"South Central"
"Elm City Montessori School District","2016-17","Literacy",14.7,50,35.3,2,"South Central"
"Elm City Montessori School District","2016-17","Personal",11.8,26.5,61.8,2,"South Central"
"Elm City Montessori School District","2016-17","Language",8.8,17.6,73.5,2,"South Central"
"Elm City Montessori School District","2016-17","Creative",2.9,11.8,85.3,2,"South Central"
"Elm City Montessori School District","2016-17","Numeracy",8.8,20.6,70.6,2,"South Central"
"Enfield School District","2016-17","Language",25.9,43.6,30.5,4,"North Central"
"Enfield School District","2016-17","Numeracy",23.8,49.2,27,4,"North Central"
"Enfield School District","2016-17","Personal",21.9,46.2,31.9,4,"North Central"
"Enfield School District","2016-17","Creative",9.8,51.5,38.7,4,"North Central"
"Enfield School District","2016-17","Physical",11.9,47.3,40.8,4,"North Central"
"Enfield School District","2016-17","Literacy",27.7,43.8,28.4,4,"North Central"
"Essex School District","2016-17","Numeracy",27.3,40.9,31.8,3,"Eastern"
"Essex School District","2016-17","Language",22.7,50,27.3,3,"Eastern"
"Essex School District","2016-17","Creative",18.2,40.9,40.9,3,"Eastern"
"Essex School District","2016-17","Literacy",25,40.9,34.1,3,"Eastern"
"Essex School District","2016-17","Personal",22.7,45.5,31.8,3,"Eastern"
"Essex School District","2016-17","Physical",18.2,38.6,43.2,3,"Eastern"
"Explorations District","2016-17","Numeracy",NA,NA,NA,5,"Western"
"Explorations District","2016-17","Creative",NA,NA,NA,5,"Western"
"Explorations District","2016-17","Personal",NA,NA,NA,5,"Western"
"Explorations District","2016-17","Literacy",NA,NA,NA,5,"Western"
"Explorations District","2016-17","Physical",NA,NA,NA,5,"Western"
"Explorations District","2016-17","Language",NA,NA,NA,5,"Western"
"Fairfield School District","2016-17","Creative",4.8,32.5,62.7,1,"Southwest"
"Fairfield School District","2016-17","Literacy",15.2,36.4,48.5,1,"Southwest"
"Fairfield School District","2016-17","Physical",7.4,30,62.5,1,"Southwest"
"Fairfield School District","2016-17","Personal",12.8,38.1,49.1,1,"Southwest"
"Fairfield School District","2016-17","Language",14.6,33.7,51.7,1,"Southwest"
"Fairfield School District","2016-17","Numeracy",10.2,33.6,56.2,1,"Southwest"
"Farmington School District","2016-17","Physical",3,20.6,76.4,6,"Central"
"Farmington School District","2016-17","Language",13.1,32.6,54.3,6,"Central"
"Farmington School District","2016-17","Numeracy",8.2,25.8,65.9,6,"Central"
"Farmington School District","2016-17","Personal",11.2,31.5,57.3,6,"Central"
"Farmington School District","2016-17","Creative",7.1,17.6,75.3,6,"Central"
"Farmington School District","2016-17","Literacy",13.1,27.7,59.2,6,"Central"
"Franklin School District","2016-17","Language",NA,NA,NA,3,"Eastern"
"Franklin School District","2016-17","Numeracy",NA,NA,NA,3,"Eastern"
"Franklin School District","2016-17","Creative",NA,NA,NA,3,"Eastern"
"Franklin School District","2016-17","Physical",NA,NA,NA,3,"Eastern"
"Franklin School District","2016-17","Literacy",NA,NA,NA,3,"Eastern"
"Franklin School District","2016-17","Personal",NA,NA,NA,3,"Eastern"
"Glastonbury School District","2016-17","Numeracy",21.1,38.6,40.3,4,"North Central"
"Glastonbury School District","2016-17","Creative",14.9,39.4,45.6,4,"North Central"
"Glastonbury School District","2016-17","Literacy",23.4,37.5,39.2,4,"North Central"
"Glastonbury School District","2016-17","Personal",20.3,36.6,43.1,4,"North Central"
"Glastonbury School District","2016-17","Physical",15.8,37.7,46.5,4,"North Central"
"Glastonbury School District","2016-17","Language",28.2,35.8,36.1,4,"North Central"
"Granby School District","2016-17","Numeracy",1.1,15.1,83.9,4,"North Central"
"Granby School District","2016-17","Personal",4.3,12.9,82.8,4,"North Central"
"Granby School District","2016-17","Creative",2.2,6.5,91.4,4,"North Central"
"Granby School District","2016-17","Language",2.2,14,83.9,4,"North Central"
"Granby School District","2016-17","Literacy",4.3,18.3,77.4,4,"North Central"
"Granby School District","2016-17","Physical",NA,7.5,92.5,4,"North Central"
"Great Oaks Charter School Bridgeport","2016-17","Personal",NA,NA,NA,1,"Southwest"
"Great Oaks Charter School Bridgeport","2016-17","Physical",NA,NA,NA,1,"Southwest"
"Great Oaks Charter School Bridgeport","2016-17","Language",NA,NA,NA,1,"Southwest"
"Great Oaks Charter School Bridgeport","2016-17","Literacy",NA,NA,NA,1,"Southwest"
"Great Oaks Charter School Bridgeport","2016-17","Numeracy",NA,NA,NA,1,"Southwest"
"Great Oaks Charter School Bridgeport","2016-17","Creative",NA,NA,NA,1,"Southwest"
"Greenwich School District","2016-17","Creative",4.7,24.9,70.4,1,"Southwest"
"Greenwich School District","2016-17","Language",11.9,28.8,59.3,1,"Southwest"
"Greenwich School District","2016-17","Personal",7.7,32.6,59.8,1,"Southwest"
"Greenwich School District","2016-17","Numeracy",11.4,31.5,57.1,1,"Southwest"
"Greenwich School District","2016-17","Physical",4.5,29.3,66.2,1,"Southwest"
"Greenwich School District","2016-17","Literacy",15.5,31.5,53,1,"Southwest"
"Griswold School District","2016-17","Numeracy",18.6,44.1,37.3,3,"Eastern"
"Griswold School District","2016-17","Creative",10.2,44.1,45.8,3,"Eastern"
"Griswold School District","2016-17","Language",21.2,50.8,28,3,"Eastern"
"Griswold School District","2016-17","Physical",12.7,48.3,39,3,"Eastern"
"Griswold School District","2016-17","Literacy",22.9,46.6,30.5,3,"Eastern"
"Griswold School District","2016-17","Personal",23.7,55.1,21.2,3,"Eastern"
"Groton School District","2016-17","Numeracy",25.1,45.2,29.7,3,"Eastern"
"Groton School District","2016-17","Creative",16,53.5,30.5,3,"Eastern"
"Groton School District","2016-17","Physical",19.4,49.1,31.5,3,"Eastern"
"Groton School District","2016-17","Personal",21.4,49.1,29.5,3,"Eastern"
"Groton School District","2016-17","Literacy",30.7,44.2,25.1,3,"Eastern"
"Groton School District","2016-17","Language",25.8,47.5,26.6,3,"Eastern"
"Guilford School District","2016-17","Personal",3.6,19,77.4,3,"Eastern"
"Guilford School District","2016-17","Literacy",11.8,30.8,57.4,3,"Eastern"
"Guilford School District","2016-17","Numeracy",3.6,27.7,68.7,3,"Eastern"
"Guilford School District","2016-17","Language",10.3,24.6,65.1,3,"Eastern"
"Guilford School District","2016-17","Creative",3.1,16.9,80,3,"Eastern"
"Guilford School District","2016-17","Physical",1,16.4,82.6,3,"Eastern"
"Hamden School District","2016-17","Language",24.4,49.1,26.5,2,"South Central"
"Hamden School District","2016-17","Numeracy",17.5,51.2,31.3,2,"South Central"
"Hamden School District","2016-17","Physical",13.3,49.6,37.1,2,"South Central"
"Hamden School District","2016-17","Literacy",23.9,45.6,30.5,2,"South Central"
"Hamden School District","2016-17","Personal",24.7,39.3,36.1,2,"South Central"
"Hamden School District","2016-17","Creative",12.7,49.1,38.2,2,"South Central"
"Hampton School District","2016-17","Language",NA,NA,NA,3,"Eastern"
"Hampton School District","2016-17","Personal",NA,NA,NA,3,"Eastern"
"Hampton School District","2016-17","Physical",NA,NA,NA,3,"Eastern"
"Hampton School District","2016-17","Numeracy",NA,NA,NA,3,"Eastern"
"Hampton School District","2016-17","Creative",NA,NA,NA,3,"Eastern"
"Hampton School District","2016-17","Literacy",NA,NA,NA,3,"Eastern"
"Hartford School District","2016-17","Creative",19.7,43,37.3,4,"North Central"
"Hartford School District","2016-17","Physical",15.7,45.6,38.8,4,"North Central"
"Hartford School District","2016-17","Literacy",36.4,36.4,27.3,4,"North Central"
"Hartford School District","2016-17","Language",34.1,35.2,30.7,4,"North Central"
"Hartford School District","2016-17","Numeracy",34.3,38.9,26.7,4,"North Central"
"Hartford School District","2016-17","Personal",25.1,43.6,31.3,4,"North Central"
"Hartland School District","2016-17","Literacy",NA,NA,NA,5,"Western"
"Hartland School District","2016-17","Creative",NA,NA,NA,5,"Western"
"Hartland School District","2016-17","Numeracy",NA,NA,NA,5,"Western"
"Hartland School District","2016-17","Personal",NA,NA,NA,5,"Western"
"Hartland School District","2016-17","Language",NA,NA,NA,5,"Western"
"Hartland School District","2016-17","Physical",NA,NA,NA,5,"Western"
"Hebron School District","2016-17","Language",7.1,30,62.9,4,"North Central"
"Hebron School District","2016-17","Personal",4.3,24.3,71.4,4,"North Central"
"Hebron School District","2016-17","Creative",2.9,24.3,72.9,4,"North Central"
"Hebron School District","2016-17","Literacy",11.4,35.7,52.9,4,"North Central"
"Hebron School District","2016-17","Physical",2.9,27.1,70,4,"North Central"
"Hebron School District","2016-17","Numeracy",8.6,35.7,55.7,4,"North Central"
"Highville Charter School District","2016-17","Language",35,37.5,27.5,2,"South Central"
"Highville Charter School District","2016-17","Physical",27.5,40,32.5,2,"South Central"
"Highville Charter School District","2016-17","Literacy",35,27.5,37.5,2,"South Central"
"Highville Charter School District","2016-17","Personal",42.5,27.5,30,2,"South Central"
"Highville Charter School District","2016-17","Numeracy",27.5,42.5,30,2,"South Central"
"Highville Charter School District","2016-17","Creative",15,55,30,2,"South Central"
"Integrated Day Charter School District","2016-17","Literacy",16.1,41.9,41.9,3,"Eastern"
"Integrated Day Charter School District","2016-17","Creative",25.8,32.3,41.9,3,"Eastern"
"Integrated Day Charter School District","2016-17","Language",9.7,32.3,58.1,3,"Eastern"
"Integrated Day Charter School District","2016-17","Personal",25.8,41.9,32.3,3,"Eastern"
"Integrated Day Charter School District","2016-17","Physical",9.7,22.6,67.7,3,"Eastern"
"Integrated Day Charter School District","2016-17","Numeracy",9.7,51.6,38.7,3,"Eastern"
"Interdistrict School for Arts and Communication District","2016-17","Physical",NA,NA,NA,3,"Eastern"
"Interdistrict School for Arts and Communication District","2016-17","Personal",NA,NA,NA,3,"Eastern"
"Interdistrict School for Arts and Communication District","2016-17","Numeracy",NA,NA,NA,3,"Eastern"
"Interdistrict School for Arts and Communication District","2016-17","Creative",NA,NA,NA,3,"Eastern"
"Interdistrict School for Arts and Communication District","2016-17","Literacy",NA,NA,NA,3,"Eastern"
"Interdistrict School for Arts and Communication District","2016-17","Language",NA,NA,NA,3,"Eastern"
"Jumoke Academy District","2016-17","Personal",2.7,49.3,47.9,4,"North Central"
"Jumoke Academy District","2016-17","Creative",1.4,30.1,68.5,4,"North Central"
"Jumoke Academy District","2016-17","Language",8.2,50.7,41.1,4,"North Central"
"Jumoke Academy District","2016-17","Physical",2.7,23.3,74,4,"North Central"
"Jumoke Academy District","2016-17","Literacy",9.6,58.9,31.5,4,"North Central"
"Jumoke Academy District","2016-17","Numeracy",4.1,63,32.9,4,"North Central"
"Kent School District","2016-17","Language",NA,NA,NA,5,"Western"
"Kent School District","2016-17","Literacy",NA,NA,NA,5,"Western"
"Kent School District","2016-17","Numeracy",NA,NA,NA,5,"Western"
"Kent School District","2016-17","Personal",NA,NA,NA,5,"Western"
"Kent School District","2016-17","Creative",NA,NA,NA,5,"Western"
"Kent School District","2016-17","Physical",NA,NA,NA,5,"Western"
"Killingly School District","2016-17","Literacy",20,30.6,49.4,3,"Eastern"
"Killingly School District","2016-17","Personal",18.8,39.4,41.9,3,"Eastern"
"Killingly School District","2016-17","Numeracy",18.1,36.3,45.6,3,"Eastern"
"Killingly School District","2016-17","Physical",13.1,31.3,55.6,3,"Eastern"
"Killingly School District","2016-17","Creative",12.5,30,57.5,3,"Eastern"
"Killingly School District","2016-17","Language",21.9,34.4,43.8,3,"Eastern"
"LEARN","2016-17","Creative",10.1,27.2,62.7,NA,NA
"LEARN","2016-17","Numeracy",16.7,34.8,48.4,NA,NA
"LEARN","2016-17","Language",19.9,32.1,48.1,NA,NA
"LEARN","2016-17","Personal",21.6,32.4,46,NA,NA
"LEARN","2016-17","Literacy",21.3,35.5,43.2,NA,NA
"LEARN","2016-17","Physical",9.4,21.3,69.3,NA,NA
"Lebanon School District","2016-17","Creative",7.4,77.8,14.8,3,"Eastern"
"Lebanon School District","2016-17","Literacy",22.2,51.9,25.9,3,"Eastern"
"Lebanon School District","2016-17","Physical",3.7,61.1,35.2,3,"Eastern"
"Lebanon School District","2016-17","Numeracy",3.7,55.6,40.7,3,"Eastern"
"Lebanon School District","2016-17","Personal",9.3,61.1,29.6,3,"Eastern"
"Lebanon School District","2016-17","Language",24.1,51.9,24.1,3,"Eastern"
"Ledyard School District","2016-17","Language",28.5,41.1,30.4,3,"Eastern"
"Ledyard School District","2016-17","Physical",10.1,51.3,38.6,3,"Eastern"
"Ledyard School District","2016-17","Creative",15.2,43.7,41.1,3,"Eastern"
"Ledyard School District","2016-17","Personal",19.6,41.1,39.2,3,"Eastern"
"Ledyard School District","2016-17","Literacy",25.9,35.4,38.6,3,"Eastern"
"Ledyard School District","2016-17","Numeracy",23.4,37.3,39.2,3,"Eastern"
"Lisbon School District","2016-17","Physical",8.1,45.9,45.9,3,"Eastern"
"Lisbon School District","2016-17","Literacy",16.2,54.1,29.7,3,"Eastern"
"Lisbon School District","2016-17","Language",27,32.4,40.5,3,"Eastern"
"Lisbon School District","2016-17","Creative",8.1,43.2,48.6,3,"Eastern"
"Lisbon School District","2016-17","Numeracy",21.6,32.4,45.9,3,"Eastern"
"Lisbon School District","2016-17","Personal",21.6,32.4,45.9,3,"Eastern"
"Litchfield School District","2016-17","Literacy",30.4,50.7,18.8,5,"Western"
"Litchfield School District","2016-17","Language",31.9,46.4,21.7,5,"Western"
"Litchfield School District","2016-17","Personal",24.6,47.8,27.5,5,"Western"
"Litchfield School District","2016-17","Numeracy",29,65.2,5.8,5,"Western"
"Litchfield School District","2016-17","Physical",30.4,52.2,17.4,5,"Western"
"Litchfield School District","2016-17","Creative",27.5,52.2,20.3,5,"Western"
"Madison School District","2016-17","Creative",13.7,20.9,65.4,3,"Eastern"
"Madison School District","2016-17","Personal",8.5,32,59.5,3,"Eastern"
"Madison School District","2016-17","Numeracy",3.9,32,64.1,3,"Eastern"
"Madison School District","2016-17","Physical",3.3,34.6,62.1,3,"Eastern"
"Madison School District","2016-17","Language",6.5,37.9,55.6,3,"Eastern"
"Madison School District","2016-17","Literacy",5.2,54.2,40.5,3,"Eastern"
"Manchester School District","2016-17","Physical",29.6,53.3,17.1,4,"North Central"
"Manchester School District","2016-17","Language",44.3,41,14.7,4,"North Central"
"Manchester School District","2016-17","Creative",30.2,50.5,19.4,4,"North Central"
"Manchester School District","2016-17","Numeracy",43.8,43,13.2,4,"North Central"
"Manchester School District","2016-17","Literacy",45.6,41.5,12.8,4,"North Central"
"Manchester School District","2016-17","Personal",41.9,43,15.1,4,"North Central"
"Mansfield School District","2016-17","Creative",13.4,43.3,43.3,3,"Eastern"
"Mansfield School District","2016-17","Physical",12.4,50.5,37.1,3,"Eastern"
"Mansfield School District","2016-17","Literacy",20.6,51.5,27.8,3,"Eastern"
"Mansfield School District","2016-17","Personal",14.4,52.6,33,3,"Eastern"
"Mansfield School District","2016-17","Numeracy",16.5,55.7,27.8,3,"Eastern"
"Mansfield School District","2016-17","Language",18.6,53.6,27.8,3,"Eastern"
"Marlborough School District","2016-17","Physical",6.6,19.7,73.8,4,"North Central"
"Marlborough School District","2016-17","Numeracy",8.2,31.1,60.7,4,"North Central"
"Marlborough School District","2016-17","Personal",9.8,29.5,60.7,4,"North Central"
"Marlborough School District","2016-17","Creative",3.3,13.1,83.6,4,"North Central"
"Marlborough School District","2016-17","Literacy",8.2,29.5,62.3,4,"North Central"
"Marlborough School District","2016-17","Language",8.2,29.5,62.3,4,"North Central"
"Meriden School District","2016-17","Numeracy",30.2,45.8,24,6,"Central"
"Meriden School District","2016-17","Creative",18.4,48.5,33.1,6,"Central"
"Meriden School District","2016-17","Physical",17.8,46.1,36.1,6,"Central"
"Meriden School District","2016-17","Language",31,37.9,31.1,6,"Central"
"Meriden School District","2016-17","Personal",25.4,41.6,33,6,"Central"
"Meriden School District","2016-17","Literacy",40.2,38.2,21.5,6,"Central"
"Middletown School District","2016-17","Numeracy",32.6,39.6,27.8,3,"Eastern"
"Middletown School District","2016-17","Physical",19.9,48.8,31.3,3,"Eastern"
"Middletown School District","2016-17","Personal",29.9,41.8,28.3,3,"Eastern"
"Middletown School District","2016-17","Creative",22.6,42,35.3,3,"Eastern"
"Middletown School District","2016-17","Literacy",34,39.6,26.4,3,"Eastern"
"Middletown School District","2016-17","Language",34,39.9,26.1,3,"Eastern"
"Milford School District","2016-17","Personal",10.5,33.1,56.5,2,"South Central"
"Milford School District","2016-17","Language",11.3,46.5,42.2,2,"South Central"
"Milford School District","2016-17","Physical",5.9,25.5,68.5,2,"South Central"
"Milford School District","2016-17","Literacy",14.5,39.8,45.7,2,"South Central"
"Milford School District","2016-17","Numeracy",12.6,38.2,49.2,2,"South Central"
"Milford School District","2016-17","Creative",5.1,22.3,72.6,2,"South Central"
"Monroe School District","2016-17","Physical",3.9,52.7,43.3,1,"Southwest"
"Monroe School District","2016-17","Literacy",12.3,53.2,34.5,1,"Southwest"
"Monroe School District","2016-17","Numeracy",6.4,59.1,34.5,1,"Southwest"
"Monroe School District","2016-17","Creative",4.9,48.3,46.8,1,"Southwest"
"Monroe School District","2016-17","Personal",9.9,53.2,36.9,1,"Southwest"
"Monroe School District","2016-17","Language",13.3,52.2,34.5,1,"Southwest"
"Montville School District","2016-17","Personal",16.5,41.1,42.4,3,"Eastern"
"Montville School District","2016-17","Numeracy",17.7,43.7,38.6,3,"Eastern"
"Montville School District","2016-17","Physical",10.1,38,51.9,3,"Eastern"
"Montville School District","2016-17","Literacy",24.1,41.8,34.2,3,"Eastern"
"Montville School District","2016-17","Language",24.7,43.7,31.6,3,"Eastern"
"Montville School District","2016-17","Creative",8.2,37.3,54.4,3,"Eastern"
"Naugatuck School District","2016-17","Numeracy",20.8,38.2,41,5,"Western"
"Naugatuck School District","2016-17","Physical",8.8,37.5,53.6,5,"Western"
"Naugatuck School District","2016-17","Personal",15.5,38.2,46.4,5,"Western"
"Naugatuck School District","2016-17","Language",25.6,37.5,36.9,5,"Western"
"Naugatuck School District","2016-17","Creative",13.6,32.5,53.9,5,"Western"
"Naugatuck School District","2016-17","Literacy",24.6,36.6,38.8,5,"Western"
"New Beginnings Inc. Family Academy District","2016-17","Personal",15.8,50.9,33.3,1,"Southwest"
"New Beginnings Inc. Family Academy District","2016-17","Literacy",19.3,49.1,31.6,1,"Southwest"
"New Beginnings Inc. Family Academy District","2016-17","Language",3.5,40.4,56.1,1,"Southwest"
"New Beginnings Inc. Family Academy District","2016-17","Numeracy",8.8,40.4,50.9,1,"Southwest"
"New Beginnings Inc. Family Academy District","2016-17","Physical",5.3,10.5,84.2,1,"Southwest"
"New Beginnings Inc. Family Academy District","2016-17","Creative",NA,26.3,73.7,1,"Southwest"
"New Britain School District","2016-17","Literacy",39.8,38.9,21.3,6,"Central"
"New Britain School District","2016-17","Language",37,37.1,25.9,6,"Central"
"New Britain School District","2016-17","Personal",32.7,39.2,28.1,6,"Central"
"New Britain School District","2016-17","Physical",23.3,41.1,35.6,6,"Central"
"New Britain School District","2016-17","Creative",26,42.2,31.7,6,"Central"
"New Britain School District","2016-17","Numeracy",36.5,40.9,22.6,6,"Central"
"New Canaan School District","2016-17","Physical",4.4,24.5,71.2,1,"Southwest"
"New Canaan School District","2016-17","Literacy",8.4,51.1,40.5,1,"Southwest"
"New Canaan School District","2016-17","Numeracy",6.2,41.2,52.6,1,"Southwest"
"New Canaan School District","2016-17","Creative",5.1,24.5,70.4,1,"Southwest"
"New Canaan School District","2016-17","Personal",12,38.7,49.3,1,"Southwest"
"New Canaan School District","2016-17","Language",12.8,28.8,58.4,1,"Southwest"
"New Fairfield School District","2016-17","Creative",4.4,51.5,44.1,5,"Western"
"New Fairfield School District","2016-17","Personal",8.8,52.2,39,5,"Western"
"New Fairfield School District","2016-17","Numeracy",6.6,55.1,38.2,5,"Western"
"New Fairfield School District","2016-17","Literacy",6.6,51.5,41.9,5,"Western"
"New Fairfield School District","2016-17","Language",12.5,47.1,40.4,5,"Western"
"New Fairfield School District","2016-17","Physical",3.7,52.2,44.1,5,"Western"
"New Hartford School District","2016-17","Personal",19,81,NA,5,"Western"
"New Hartford School District","2016-17","Language",19,57.1,23.8,5,"Western"
"New Hartford School District","2016-17","Physical",9.5,81,9.5,5,"Western"
"New Hartford School District","2016-17","Literacy",28.6,50,21.4,5,"Western"
"New Hartford School District","2016-17","Numeracy",23.8,59.5,16.7,5,"Western"
"New Hartford School District","2016-17","Creative",9.5,78.6,11.9,5,"Western"
"New Haven School District","2016-17","Literacy",33,41.5,25.4,2,"South Central"
"New Haven School District","2016-17","Physical",13.3,46,40.8,2,"South Central"
"New Haven School District","2016-17","Creative",15.5,49,35.5,2,"South Central"
"New Haven School District","2016-17","Language",29.9,43.2,26.9,2,"South Central"
"New Haven School District","2016-17","Personal",22,47.9,30.1,2,"South Central"
"New Haven School District","2016-17","Numeracy",31.9,43.1,25,2,"South Central"
"Newington School District","2016-17","Physical",15.8,56,28.2,3,"Eastern"
"Newington School District","2016-17","Creative",17.3,55.3,27.4,3,"Eastern"
"Newington School District","2016-17","Literacy",30.5,44.7,24.8,3,"Eastern"
"Newington School District","2016-17","Personal",24.8,50.4,24.8,3,"Eastern"
"Newington School District","2016-17","Numeracy",25.6,48.1,26.3,3,"Eastern"
"Newington School District","2016-17","Language",32,47.4,20.7,3,"Eastern"
"New London School District","2016-17","Numeracy",24.4,58.7,17,5,"Western"
"New London School District","2016-17","Physical",13.1,63.6,23.3,5,"Western"
"New London School District","2016-17","Personal",17,60.4,22.6,5,"Western"
"New London School District","2016-17","Language",21.6,56.9,21.6,5,"Western"
"New London School District","2016-17","Creative",11.7,65.4,23,5,"Western"
"New London School District","2016-17","Literacy",32.9,49.8,17.3,5,"Western"
"New Milford School District","2016-17","Physical",25.5,46.9,27.6,6,"Central"
"New Milford School District","2016-17","Personal",25.8,52,22.2,6,"Central"
"New Milford School District","2016-17","Numeracy",30.2,48,21.8,6,"Central"
"New Milford School District","2016-17","Creative",22.5,51.6,25.8,6,"Central"
"New Milford School District","2016-17","Literacy",29.8,49.1,21.1,6,"Central"
"New Milford School District","2016-17","Language",27.3,53.5,19.3,6,"Central"
"Newtown School District","2016-17","Personal",7.6,42.7,49.8,5,"Western"
"Newtown School District","2016-17","Language",10.7,48,41.3,5,"Western"
"Newtown School District","2016-17","Physical",4.9,42.2,52.9,5,"Western"
"Newtown School District","2016-17","Literacy",15.6,41.8,42.7,5,"Western"
"Newtown School District","2016-17","Numeracy",7.6,52,40.4,5,"Western"
"Newtown School District","2016-17","Creative",4.4,36.4,59.1,5,"Western"
"Norfolk School District","2016-17","Physical",NA,NA,NA,5,"Western"
"Norfolk School District","2016-17","Literacy",NA,NA,NA,5,"Western"
"Norfolk School District","2016-17","Numeracy",NA,NA,NA,5,"Western"
"Norfolk School District","2016-17","Creative",NA,NA,NA,5,"Western"
"Norfolk School District","2016-17","Personal",NA,NA,NA,5,"Western"
"Norfolk School District","2016-17","Language",NA,NA,NA,5,"Western"
"North Branford School District","2016-17","Personal",22.7,55.5,21.8,2,"South Central"
"North Branford School District","2016-17","Numeracy",9.2,62.2,28.6,2,"South Central"
"North Branford School District","2016-17","Physical",7.6,64.7,27.7,2,"South Central"
"North Branford School District","2016-17","Language",27.7,47.9,24.4,2,"South Central"
"North Branford School District","2016-17","Creative",7.6,72.3,20.2,2,"South Central"
"North Branford School District","2016-17","Literacy",22.7,49.6,27.7,2,"South Central"
"North Canaan School District","2016-17","Numeracy",2.4,31,66.7,5,"Western"
"North Canaan School District","2016-17","Language",19,47.6,33.3,5,"Western"
"North Canaan School District","2016-17","Personal",NA,35.7,64.3,5,"Western"
"North Canaan School District","2016-17","Creative",7.1,19,73.8,5,"Western"
"North Canaan School District","2016-17","Physical",2.4,21.4,76.2,5,"Western"
"North Canaan School District","2016-17","Literacy",16.7,54.8,28.6,5,"Western"
"North Haven School District","2016-17","Personal",10.3,57.7,31.9,2,"South Central"
"North Haven School District","2016-17","Numeracy",19.2,52.1,28.6,2,"South Central"
"North Haven School District","2016-17","Physical",8.5,44.1,47.4,2,"South Central"
"North Haven School District","2016-17","Language",18.8,52.1,29.1,2,"South Central"
"North Haven School District","2016-17","Literacy",21.6,45.1,33.3,2,"South Central"
"North Haven School District","2016-17","Creative",5.6,46.5,47.9,2,"South Central"
"North Stonington School District","2016-17","Personal",4.1,4.1,91.8,3,"Eastern"
"North Stonington School District","2016-17","Literacy",10.2,22.4,67.3,3,"Eastern"
"North Stonington School District","2016-17","Language",6.1,14.3,79.6,3,"Eastern"
"North Stonington School District","2016-17","Numeracy",2,14.3,83.7,3,"Eastern"
"North Stonington School District","2016-17","Creative",NA,2,98,3,"Eastern"
"North Stonington School District","2016-17","Physical",NA,6.1,93.9,3,"Eastern"
"Norwalk School District","2016-17","Language",29.1,41,29.9,1,"Southwest"
"Norwalk School District","2016-17","Numeracy",23.6,44.6,31.9,1,"Southwest"
"Norwalk School District","2016-17","Literacy",26.1,43.5,30.4,1,"Southwest"
"Norwalk School District","2016-17","Physical",10.1,45.1,44.8,1,"Southwest"
"Norwalk School District","2016-17","Personal",18.6,45.8,35.7,1,"Southwest"
"Norwalk School District","2016-17","Creative",12.2,45.3,42.5,1,"Southwest"
"Norwich Free Academy District","2016-17","Numeracy",NA,NA,NA,3,"Eastern"
"Norwich Free Academy District","2016-17","Personal",NA,NA,NA,3,"Eastern"
"Norwich Free Academy District","2016-17","Creative",NA,NA,NA,3,"Eastern"
"Norwich Free Academy District","2016-17","Literacy",NA,NA,NA,3,"Eastern"
"Norwich Free Academy District","2016-17","Language",NA,NA,NA,3,"Eastern"
"Norwich Free Academy District","2016-17","Physical",NA,NA,NA,3,"Eastern"
"Norwich School District","2016-17","Physical",20.3,41.8,37.9,3,"Eastern"
"Norwich School District","2016-17","Creative",22.8,43.1,34.1,3,"Eastern"
"Norwich School District","2016-17","Literacy",32.8,42.8,24.4,3,"Eastern"
"Norwich School District","2016-17","Language",37.2,39.2,23.6,3,"Eastern"
"Norwich School District","2016-17","Personal",28.5,45.6,25.9,3,"Eastern"
"Norwich School District","2016-17","Numeracy",31.5,43.8,24.6,3,"Eastern"
"Odyssey Community School District","2016-17","Language",30.6,63.9,5.6,4,"North Central"
"Odyssey Community School District","2016-17","Literacy",25,72.2,2.8,4,"North Central"
"Odyssey Community School District","2016-17","Physical",11.1,88.9,NA,4,"North Central"
"Odyssey Community School District","2016-17","Personal",25,75,NA,4,"North Central"
"Odyssey Community School District","2016-17","Numeracy",25,69.4,5.6,4,"North Central"
"Odyssey Community School District","2016-17","Creative",13.9,86.1,NA,4,"North Central"
"Old Saybrook School District","2016-17","Literacy",25.7,55.7,18.6,3,"Eastern"
"Old Saybrook School District","2016-17","Numeracy",10,68.6,21.4,3,"Eastern"
"Old Saybrook School District","2016-17","Language",27.1,51.4,21.4,3,"Eastern"
"Old Saybrook School District","2016-17","Physical",11.4,38.6,50,3,"Eastern"
"Old Saybrook School District","2016-17","Creative",1.4,44.3,54.3,3,"Eastern"
"Old Saybrook School District","2016-17","Personal",11.4,60,28.6,3,"Eastern"
"Orange School District","2016-17","Personal",5.7,43.6,50.7,2,"South Central"
"Orange School District","2016-17","Language",12.9,46.4,40.7,2,"South Central"
"Orange School District","2016-17","Literacy",11.4,51.4,37.1,2,"South Central"
"Orange School District","2016-17","Creative",1.4,35,63.6,2,"South Central"
"Orange School District","2016-17","Numeracy",8.6,51.4,40,2,"South Central"
"Orange School District","2016-17","Physical",3.6,39.3,57.1,2,"South Central"
"Oxford School District","2016-17","Creative",5.9,31.1,63,5,"Western"
"Oxford School District","2016-17","Numeracy",11.8,23.5,64.7,5,"Western"
"Oxford School District","2016-17","Language",13.4,27.7,58.8,5,"Western"
"Oxford School District","2016-17","Personal",10.1,37,52.9,5,"Western"
"Oxford School District","2016-17","Literacy",16,37.8,46.2,5,"Western"
"Oxford School District","2016-17","Physical",9.2,32.8,58,5,"Western"
"Park City Prep Charter School District","2016-17","Personal",NA,NA,NA,1,"Southwest"
"Park City Prep Charter School District","2016-17","Physical",NA,NA,NA,1,"Southwest"
"Park City Prep Charter School District","2016-17","Creative",NA,NA,NA,1,"Southwest"
"Park City Prep Charter School District","2016-17","Literacy",NA,NA,NA,1,"Southwest"
"Park City Prep Charter School District","2016-17","Language",NA,NA,NA,1,"Southwest"
"Park City Prep Charter School District","2016-17","Numeracy",NA,NA,NA,1,"Southwest"
"Path Academy District","2016-17","Creative",NA,NA,NA,3,"Eastern"
"Path Academy District","2016-17","Physical",NA,NA,NA,3,"Eastern"
"Path Academy District","2016-17","Language",NA,NA,NA,3,"Eastern"
"Path Academy District","2016-17","Literacy",NA,NA,NA,3,"Eastern"
"Path Academy District","2016-17","Numeracy",NA,NA,NA,3,"Eastern"
"Path Academy District","2016-17","Personal",NA,NA,NA,3,"Eastern"
"Plainfield School District","2016-17","Literacy",30.6,43.5,25.9,3,"Eastern"
"Plainfield School District","2016-17","Numeracy",23.8,49.7,26.5,3,"Eastern"
"Plainfield School District","2016-17","Creative",8.2,58.5,33.3,3,"Eastern"
"Plainfield School District","2016-17","Personal",11.6,55.8,32.7,3,"Eastern"
"Plainfield School District","2016-17","Physical",9.5,49.7,40.8,3,"Eastern"
"Plainfield School District","2016-17","Language",25.2,42.2,32.7,3,"Eastern"
"Plainville School District","2016-17","Personal",11.9,38.1,50,6,"Central"
"Plainville School District","2016-17","Numeracy",13.6,30.1,56.3,6,"Central"
"Plainville School District","2016-17","Physical",9.1,33,58,6,"Central"
"Plainville School District","2016-17","Literacy",18.2,35.8,46,6,"Central"
"Plainville School District","2016-17","Language",17,38.6,44.3,6,"Central"
"Plainville School District","2016-17","Creative",9.1,29.5,61.4,6,"Central"
"Plymouth School District","2016-17","Literacy",27.7,37.3,34.9,6,"Central"
"Plymouth School District","2016-17","Creative",20.5,42.2,37.3,6,"Central"
"Plymouth School District","2016-17","Language",24.1,41,34.9,6,"Central"
"Plymouth School District","2016-17","Personal",22.9,41,36.1,6,"Central"
"Plymouth School District","2016-17","Physical",20.5,42.2,37.3,6,"Central"
"Plymouth School District","2016-17","Numeracy",24.1,43.4,32.5,6,"Central"
"Pomfret School District","2016-17","Physical",12,36,52,3,"Eastern"
"Pomfret School District","2016-17","Literacy",28,52,20,3,"Eastern"
"Pomfret School District","2016-17","Language",24,32,44,3,"Eastern"
"Pomfret School District","2016-17","Numeracy",12,52,36,3,"Eastern"
"Pomfret School District","2016-17","Creative",12,64,24,3,"Eastern"
"Pomfret School District","2016-17","Personal",20,44,36,3,"Eastern"
"Portland School District","2016-17","Literacy",32.7,33.7,33.7,3,"Eastern"
"Portland School District","2016-17","Creative",11.2,58.2,30.6,3,"Eastern"
"Portland School District","2016-17","Numeracy",27.6,44.9,27.6,3,"Eastern"
"Portland School District","2016-17","Physical",17.3,49,33.7,3,"Eastern"
"Portland School District","2016-17","Language",36.7,43.9,19.4,3,"Eastern"
"Portland School District","2016-17","Personal",26.5,52,21.4,3,"Eastern"
"Preston School District","2016-17","Creative",22.6,54.8,22.6,3,"Eastern"
"Preston School District","2016-17","Personal",22.6,64.5,12.9,3,"Eastern"
"Preston School District","2016-17","Language",29,41.9,29,3,"Eastern"
"Preston School District","2016-17","Literacy",22.6,29,48.4,3,"Eastern"
"Preston School District","2016-17","Physical",22.6,48.4,29,3,"Eastern"
"Preston School District","2016-17","Numeracy",16.1,38.7,45.2,3,"Eastern"
"Putnam School District","2016-17","Language",15.9,35.4,48.8,3,"Eastern"
"Putnam School District","2016-17","Literacy",19.5,45.1,35.4,3,"Eastern"
"Putnam School District","2016-17","Personal",12.2,39,48.8,3,"Eastern"
"Putnam School District","2016-17","Numeracy",19.5,31.7,48.8,3,"Eastern"
"Putnam School District","2016-17","Creative",9.8,35.4,54.9,3,"Eastern"
"Putnam School District","2016-17","Physical",7.3,35.4,57.3,3,"Eastern"
"Redding School District","2016-17","Numeracy",12.6,60.2,27.2,5,"Western"
"Redding School District","2016-17","Physical",6.8,29.1,64.1,5,"Western"
"Redding School District","2016-17","Literacy",13.6,59.2,27.2,5,"Western"
"Redding School District","2016-17","Creative",4.9,45.6,49.5,5,"Western"
"Redding School District","2016-17","Language",12.6,52.4,35,5,"Western"
"Redding School District","2016-17","Personal",10.7,35,54.4,5,"Western"
"Regional School District 01","2016-17","Physical",NA,NA,NA,5,"Western"
"Regional School District 01","2016-17","Language",NA,NA,NA,5,"Western"
"Regional School District 01","2016-17","Numeracy",NA,NA,NA,5,"Western"
"Regional School District 01","2016-17","Creative",NA,NA,NA,5,"Western"
"Regional School District 01","2016-17","Literacy",NA,NA,NA,5,"Western"
"Regional School District 01","2016-17","Personal",NA,NA,NA,5,"Western"
"Regional School District 04","2016-17","Creative",NA,NA,NA,3,"Eastern"
"Regional School District 04","2016-17","Physical",NA,NA,NA,3,"Eastern"
"Regional School District 04","2016-17","Personal",NA,NA,NA,3,"Eastern"
"Regional School District 04","2016-17","Literacy",NA,NA,NA,3,"Eastern"
"Regional School District 04","2016-17","Numeracy",NA,NA,NA,3,"Eastern"
"Regional School District 04","2016-17","Language",NA,NA,NA,3,"Eastern"
"Regional School District 05","2016-17","Personal",NA,NA,NA,2,"South Central"
"Regional School District 05","2016-17","Numeracy",NA,NA,NA,2,"South Central"
"Regional School District 05","2016-17","Language",NA,NA,NA,2,"South Central"
"Regional School District 05","2016-17","Creative",NA,NA,NA,2,"South Central"
"Regional School District 05","2016-17","Physical",NA,NA,NA,2,"South Central"
"Regional School District 05","2016-17","Literacy",NA,NA,NA,2,"South Central"
"Regional School District 06","2016-17","Language",7.5,32.5,60,5,"Western"
"Regional School District 06","2016-17","Numeracy",2.5,12.5,85,5,"Western"
"Regional School District 06","2016-17","Creative",NA,15,85,5,"Western"
"Regional School District 06","2016-17","Personal",2.5,32.5,65,5,"Western"
"Regional School District 06","2016-17","Physical",7.5,12.5,80,5,"Western"
"Regional School District 06","2016-17","Literacy",5,22.5,72.5,5,"Western"
"Regional School District 07","2016-17","Numeracy",NA,NA,NA,5,"Western"
"Regional School District 07","2016-17","Creative",NA,NA,NA,5,"Western"
"Regional School District 07","2016-17","Literacy",NA,NA,NA,5,"Western"
"Regional School District 07","2016-17","Language",NA,NA,NA,5,"Western"
"Regional School District 07","2016-17","Personal",NA,NA,NA,5,"Western"
"Regional School District 07","2016-17","Physical",NA,NA,NA,5,"Western"
"Regional School District 08","2016-17","Physical",NA,NA,NA,4,"North Central"
"Regional School District 08","2016-17","Literacy",NA,NA,NA,4,"North Central"
"Regional School District 08","2016-17","Numeracy",NA,NA,NA,4,"North Central"
"Regional School District 08","2016-17","Personal",NA,NA,NA,4,"North Central"
"Regional School District 08","2016-17","Creative",NA,NA,NA,4,"North Central"
"Regional School District 08","2016-17","Language",NA,NA,NA,4,"North Central"
"Regional School District 09","2016-17","Creative",NA,NA,NA,5,"Western"
"Regional School District 09","2016-17","Numeracy",NA,NA,NA,5,"Western"
"Regional School District 09","2016-17","Personal",NA,NA,NA,5,"Western"
"Regional School District 09","2016-17","Physical",NA,NA,NA,5,"Western"
"Regional School District 09","2016-17","Language",NA,NA,NA,5,"Western"
"Regional School District 09","2016-17","Literacy",NA,NA,NA,5,"Western"
"Regional School District 10","2016-17","Personal",3.7,28.9,67.4,6,"Central"
"Regional School District 10","2016-17","Creative",2.2,23.7,74.1,6,"Central"
"Regional School District 10","2016-17","Language",8.9,27.4,63.7,6,"Central"
"Regional School District 10","2016-17","Numeracy",5.9,23.7,70.4,6,"Central"
"Regional School District 10","2016-17","Physical",5.2,23,71.9,6,"Central"
"Regional School District 10","2016-17","Literacy",5.2,28.1,66.7,6,"Central"
"Regional School District 11","2016-17","Language",NA,NA,NA,3,"Eastern"
"Regional School District 11","2016-17","Numeracy",NA,NA,NA,3,"Eastern"
"Regional School District 11","2016-17","Creative",NA,NA,NA,3,"Eastern"
"Regional School District 11","2016-17","Physical",NA,NA,NA,3,"Eastern"
"Regional School District 11","2016-17","Literacy",NA,NA,NA,3,"Eastern"
"Regional School District 11","2016-17","Personal",NA,NA,NA,3,"Eastern"
"Regional School District 12","2016-17","Numeracy",NA,26.7,73.3,5,"Western"
"Regional School District 12","2016-17","Physical",3.3,16.7,80,5,"Western"
"Regional School District 12","2016-17","Language",3.3,26.7,70,5,"Western"
"Regional School District 12","2016-17","Literacy",6.7,16.7,76.7,5,"Western"
"Regional School District 12","2016-17","Personal",3.3,20,76.7,5,"Western"
"Regional School District 12","2016-17","Creative",NA,16.7,83.3,5,"Western"
"Regional School District 13","2016-17","Literacy",19.1,45.2,35.7,3,"Eastern"
"Regional School District 13","2016-17","Personal",18.3,52.2,29.6,3,"Eastern"
"Regional School District 13","2016-17","Language",18.3,54.8,27,3,"Eastern"
"Regional School District 13","2016-17","Creative",7,63.5,29.6,3,"Eastern"
"Regional School District 13","2016-17","Numeracy",10.4,70.4,19.1,3,"Eastern"
"Regional School District 13","2016-17","Physical",2.6,65.2,32.2,3,"Eastern"
"Regional School District 14","2016-17","Personal",24,52.1,24,5,"Western"
"Regional School District 14","2016-17","Creative",5.2,72.9,21.9,5,"Western"
"Regional School District 14","2016-17","Numeracy",12.5,68.8,18.8,5,"Western"
"Regional School District 14","2016-17","Language",24,52.1,24,5,"Western"
"Regional School District 14","2016-17","Physical",8.3,66.7,25,5,"Western"
"Regional School District 14","2016-17","Literacy",17.7,57.3,25,5,"Western"
"Regional School District 15","2016-17","Creative",6.1,32.9,61,5,"Western"
"Regional School District 15","2016-17","Language",15,39.9,45.1,5,"Western"
"Regional School District 15","2016-17","Numeracy",8.9,46.9,44.1,5,"Western"
"Regional School District 15","2016-17","Physical",4.7,29.6,65.7,5,"Western"
"Regional School District 15","2016-17","Personal",6.1,44.6,49.3,5,"Western"
"Regional School District 15","2016-17","Literacy",14.6,38,47.4,5,"Western"
"Regional School District 16","2016-17","Numeracy",23.1,44.6,32.3,5,"Western"
"Regional School District 16","2016-17","Creative",10.8,53.1,36.2,5,"Western"
"Regional School District 16","2016-17","Physical",13.1,49.2,37.7,5,"Western"
"Regional School District 16","2016-17","Language",20.8,52.3,26.9,5,"Western"
"Regional School District 16","2016-17","Literacy",24.6,47.7,27.7,5,"Western"
"Regional School District 16","2016-17","Personal",16.9,48.5,34.6,5,"Western"
"Regional School District 17","2016-17","Literacy",5.7,18.4,75.9,3,"Eastern"
"Regional School District 17","2016-17","Physical",0.7,9.2,90.1,3,"Eastern"
"Regional School District 17","2016-17","Personal",2.1,11.3,86.5,3,"Eastern"
"Regional School District 17","2016-17","Language",5.7,11.3,83,3,"Eastern"
"Regional School District 17","2016-17","Numeracy",0.7,12.8,86.5,3,"Eastern"
"Regional School District 17","2016-17","Creative",0.7,8.5,90.8,3,"Eastern"
"Regional School District 18","2016-17","Personal",3.1,63.1,33.8,3,"Eastern"
"Regional School District 18","2016-17","Creative",NA,47.7,52.3,3,"Eastern"
"Regional School District 18","2016-17","Physical",NA,46.2,53.8,3,"Eastern"
"Regional School District 18","2016-17","Numeracy",6.2,60,33.8,3,"Eastern"
"Regional School District 18","2016-17","Language",7.7,69.2,23.1,3,"Eastern"
"Regional School District 18","2016-17","Literacy",10.8,66.2,23.1,3,"Eastern"
"Regional School District 19","2016-17","Creative",NA,NA,NA,3,"Eastern"
"Regional School District 19","2016-17","Language",NA,NA,NA,3,"Eastern"
"Regional School District 19","2016-17","Personal",NA,NA,NA,3,"Eastern"
"Regional School District 19","2016-17","Numeracy",NA,NA,NA,3,"Eastern"
"Regional School District 19","2016-17","Physical",NA,NA,NA,3,"Eastern"
"Regional School District 19","2016-17","Literacy",NA,NA,NA,3,"Eastern"
"Ridgefield School District","2016-17","Numeracy",14.9,31.8,53.3,5,"Western"
"Ridgefield School District","2016-17","Creative",9.3,25.3,65.4,5,"Western"
"Ridgefield School District","2016-17","Literacy",17.6,30.1,52.2,5,"Western"
"Ridgefield School District","2016-17","Language",19.4,29.4,51.2,5,"Western"
"Ridgefield School District","2016-17","Personal",17,29.8,53.3,5,"Western"
"Ridgefield School District","2016-17","Physical",10,26.6,63.3,5,"Western"
"Rocky Hill School District","2016-17","Physical",7.7,46.7,45.6,6,"Central"
"Rocky Hill School District","2016-17","Literacy",18.5,45.1,36.4,6,"Central"
"Rocky Hill School District","2016-17","Numeracy",15.4,46.2,38.5,6,"Central"
"Rocky Hill School District","2016-17","Personal",15.9,43.1,41,6,"Central"
"Rocky Hill School District","2016-17","Creative",10.3,40.5,49.2,6,"Central"
"Rocky Hill School District","2016-17","Language",21.5,39.5,39,6,"Central"
"Salem School District","2016-17","Physical",8.9,28.9,62.2,3,"Eastern"
"Salem School District","2016-17","Numeracy",11.1,40,48.9,3,"Eastern"
"Salem School District","2016-17","Personal",17.8,26.7,55.6,3,"Eastern"
"Salem School District","2016-17","Creative",6.7,31.1,62.2,3,"Eastern"
"Salem School District","2016-17","Literacy",15.6,35.6,48.9,3,"Eastern"
"Salem School District","2016-17","Language",13.3,22.2,64.4,3,"Eastern"
"Salisbury School District","2016-17","Physical",40.6,9.4,50,5,"Western"
"Salisbury School District","2016-17","Personal",40.6,34.4,25,5,"Western"
"Salisbury School District","2016-17","Creative",3.1,37.5,59.4,5,"Western"
"Salisbury School District","2016-17","Numeracy",21.9,46.9,31.3,5,"Western"
"Salisbury School District","2016-17","Language",15.6,65.6,18.8,5,"Western"
"Salisbury School District","2016-17","Literacy",37.5,37.5,25,5,"Western"
"Scotland School District","2016-17","Personal",NA,NA,NA,3,"Eastern"
"Scotland School District","2016-17","Language",NA,NA,NA,3,"Eastern"
"Scotland School District","2016-17","Creative",NA,NA,NA,3,"Eastern"
"Scotland School District","2016-17","Numeracy",NA,NA,NA,3,"Eastern"
"Scotland School District","2016-17","Physical",NA,NA,NA,3,"Eastern"
"Scotland School District","2016-17","Literacy",NA,NA,NA,3,"Eastern"
"Seymour School District","2016-17","Language",27.2,32.5,40.4,2,"South Central"
"Seymour School District","2016-17","Personal",23.8,34.4,41.7,2,"South Central"
"Seymour School District","2016-17","Numeracy",25.2,38.4,36.4,2,"South Central"
"Seymour School District","2016-17","Physical",13.2,43.7,43,2,"South Central"
"Seymour School District","2016-17","Creative",15.9,39.1,45,2,"South Central"
"Seymour School District","2016-17","Literacy",23.8,38.4,37.7,2,"South Central"
"Sharon School District","2016-17","Numeracy",NA,NA,NA,5,"Western"
"Sharon School District","2016-17","Literacy",NA,NA,NA,5,"Western"
"Sharon School District","2016-17","Language",NA,NA,NA,5,"Western"
"Sharon School District","2016-17","Creative",NA,NA,NA,5,"Western"
"Sharon School District","2016-17","Personal",NA,NA,NA,5,"Western"
"Sharon School District","2016-17","Physical",NA,NA,NA,5,"Western"
"Shelton School District","2016-17","Numeracy",18.1,59.5,22.4,2,"South Central"
"Shelton School District","2016-17","Literacy",25.9,52.6,21.6,2,"South Central"
"Shelton School District","2016-17","Language",25,56.9,18.1,2,"South Central"
"Shelton School District","2016-17","Creative",14.7,62.4,23,2,"South Central"
"Shelton School District","2016-17","Personal",27.3,53.4,19.3,2,"South Central"
"Shelton School District","2016-17","Physical",14.4,63.5,22.1,2,"South Central"
"Sherman School District","2016-17","Creative",NA,3.6,96.4,5,"Western"
"Sherman School District","2016-17","Numeracy",7.1,14.3,78.6,5,"Western"
"Sherman School District","2016-17","Personal",3.6,7.1,89.3,5,"Western"
"Sherman School District","2016-17","Literacy",14.3,14.3,71.4,5,"Western"
"Sherman School District","2016-17","Language",3.6,17.9,78.6,5,"Western"
"Sherman School District","2016-17","Physical",NA,7.1,92.9,5,"Western"
"Side By Side Charter School District","2016-17","Creative",NA,26.1,73.9,1,"Southwest"
"Side By Side Charter School District","2016-17","Personal",13,43.5,43.5,1,"Southwest"
"Side By Side Charter School District","2016-17","Numeracy",4.3,39.1,56.5,1,"Southwest"
"Side By Side Charter School District","2016-17","Literacy",8.7,30.4,60.9,1,"Southwest"
"Side By Side Charter School District","2016-17","Language",8.7,30.4,60.9,1,"Southwest"
"Side By Side Charter School District","2016-17","Physical",NA,26.1,73.9,1,"Southwest"
"Simsbury School District","2016-17","Personal",11.1,41.2,47.7,6,"Central"
"Simsbury School District","2016-17","Numeracy",16,31.7,52.3,6,"Central"
"Simsbury School District","2016-17","Literacy",17.9,30.5,51.5,6,"Central"
"Simsbury School District","2016-17","Language",13.4,31.7,55,6,"Central"
"Simsbury School District","2016-17","Physical",10.3,31.3,58.4,6,"Central"
"Simsbury School District","2016-17","Creative",6.5,33.6,59.9,6,"Central"
"Somers School District","2016-17","Creative",6.7,24,69.3,4,"North Central"
"Somers School District","2016-17","Physical",9.3,26.7,64,4,"North Central"
"Somers School District","2016-17","Language",14.7,34.7,50.7,4,"North Central"
"Somers School District","2016-17","Numeracy",12,37.3,50.7,4,"North Central"
"Somers School District","2016-17","Literacy",16,38.7,45.3,4,"North Central"
"Somers School District","2016-17","Personal",13.3,41.3,45.3,4,"North Central"
"Southington School District","2016-17","Creative",11.8,61.3,27,4,"North Central"
"Southington School District","2016-17","Numeracy",19.5,63.5,17,4,"North Central"
"Southington School District","2016-17","Language",24.5,57.8,17.8,4,"North Central"
"Southington School District","2016-17","Physical",16,59.8,24.3,4,"North Central"
"Southington School District","2016-17","Literacy",29.8,49.5,20.8,4,"North Central"
"Southington School District","2016-17","Personal",22.3,57.8,20,4,"North Central"
"South Windsor School District","2016-17","Numeracy",14.5,31.4,54.1,6,"Central"
"South Windsor School District","2016-17","Language",16.3,32.9,50.9,6,"Central"
"South Windsor School District","2016-17","Physical",6.7,25.1,68.2,6,"Central"
"South Windsor School District","2016-17","Creative",6,26.1,67.8,6,"Central"
"South Windsor School District","2016-17","Personal",11.7,36.7,51.6,6,"Central"
"South Windsor School District","2016-17","Literacy",18,35.7,46.3,6,"Central"
"Sprague School District","2016-17","Creative",NA,14.3,85.7,3,"Eastern"
"Sprague School District","2016-17","Physical",5.7,14.3,80,3,"Eastern"
"Sprague School District","2016-17","Language",8.6,31.4,60,3,"Eastern"
"Sprague School District","2016-17","Numeracy",5.7,28.6,65.7,3,"Eastern"
"Sprague School District","2016-17","Personal",5.7,20,74.3,3,"Eastern"
"Sprague School District","2016-17","Literacy",5.7,31.4,62.9,3,"Eastern"
"Stafford School District","2016-17","Literacy",20.4,40.7,38.9,4,"North Central"
"Stafford School District","2016-17","Language",13.9,35.2,50.9,4,"North Central"
"Stafford School District","2016-17","Numeracy",13.9,44.4,41.7,4,"North Central"
"Stafford School District","2016-17","Personal",9.3,32.4,58.3,4,"North Central"
"Stafford School District","2016-17","Creative",2.8,27.8,69.4,4,"North Central"
"Stafford School District","2016-17","Physical",0.9,29.6,69.4,4,"North Central"
"Stamford Academy District","2016-17","Numeracy",NA,NA,NA,1,"Southwest"
"Stamford Academy District","2016-17","Language",NA,NA,NA,1,"Southwest"
"Stamford Academy District","2016-17","Creative",NA,NA,NA,1,"Southwest"
"Stamford Academy District","2016-17","Personal",NA,NA,NA,1,"Southwest"
"Stamford Academy District","2016-17","Physical",NA,NA,NA,1,"Southwest"
"Stamford Academy District","2016-17","Literacy",NA,NA,NA,1,"Southwest"
"Stamford Charter School for Excellence District","2016-17","Numeracy",NA,NA,NA,1,"Southwest"
"Stamford Charter School for Excellence District","2016-17","Language",NA,NA,NA,1,"Southwest"
"Stamford Charter School for Excellence District","2016-17","Physical",NA,NA,NA,1,"Southwest"
"Stamford Charter School for Excellence District","2016-17","Creative",NA,NA,NA,1,"Southwest"
"Stamford Charter School for Excellence District","2016-17","Personal",NA,NA,NA,1,"Southwest"
"Stamford Charter School for Excellence District","2016-17","Literacy",NA,NA,NA,1,"Southwest"
"Stamford School District","2016-17","Language",29.3,36.1,34.6,1,"Southwest"
"Stamford School District","2016-17","Personal",19.3,40.4,40.3,1,"Southwest"
"Stamford School District","2016-17","Numeracy",25.3,37.3,37.4,1,"Southwest"
"Stamford School District","2016-17","Literacy",30.1,36.7,33.3,1,"Southwest"
"Stamford School District","2016-17","Creative",12.9,38.9,48.3,1,"Southwest"
"Stamford School District","2016-17","Physical",11.4,37.2,51.4,1,"Southwest"
"Sterling School District","2016-17","Literacy",40.5,35.1,24.3,3,"Eastern"
"Sterling School District","2016-17","Creative",10.8,37.8,51.4,3,"Eastern"
"Sterling School District","2016-17","Physical",8.1,51.4,40.5,3,"Eastern"
"Sterling School District","2016-17","Numeracy",24.3,51.4,24.3,3,"Eastern"
"Sterling School District","2016-17","Personal",24.3,59.5,16.2,3,"Eastern"
"Sterling School District","2016-17","Language",35.1,43.2,21.6,3,"Eastern"
"Stonington School District","2016-17","Personal",10.7,25.4,63.9,3,"Eastern"
"Stonington School District","2016-17","Physical",9,14.8,76.2,3,"Eastern"
"Stonington School District","2016-17","Creative",5.7,15.6,78.7,3,"Eastern"
"Stonington School District","2016-17","Numeracy",13.1,17.2,69.7,3,"Eastern"
"Stonington School District","2016-17","Literacy",16.4,23,60.7,3,"Eastern"
"Stonington School District","2016-17","Language",12.3,30.3,57.4,3,"Eastern"
"Stratford School District","2016-17","Physical",12.9,37,50.1,1,"Southwest"
"Stratford School District","2016-17","Creative",19.6,31.8,48.6,1,"Southwest"
"Stratford School District","2016-17","Personal",23.2,43,33.9,1,"Southwest"
"Stratford School District","2016-17","Language",25.2,44.1,30.7,1,"Southwest"
"Stratford School District","2016-17","Numeracy",26.5,42.3,31.2,1,"Southwest"
"Stratford School District","2016-17","Literacy",31.2,40.1,28.7,1,"Southwest"
"Suffield School District","2016-17","Personal",12.4,45,42.6,4,"North Central"
"Suffield School District","2016-17","Physical",6.2,47.3,46.5,4,"North Central"
"Suffield School District","2016-17","Numeracy",7.8,48.8,43.4,4,"North Central"
"Suffield School District","2016-17","Language",14,55.8,30.2,4,"North Central"
"Suffield School District","2016-17","Literacy",15.5,44.2,40.3,4,"North Central"
"Suffield School District","2016-17","Creative",4.7,49.6,45.7,4,"North Central"
"The Bridge Academy District","2016-17","Creative",NA,NA,NA,1,"Southwest"
"The Bridge Academy District","2016-17","Language",NA,NA,NA,1,"Southwest"
"The Bridge Academy District","2016-17","Personal",NA,NA,NA,1,"Southwest"
"The Bridge Academy District","2016-17","Physical",NA,NA,NA,1,"Southwest"
"The Bridge Academy District","2016-17","Numeracy",NA,NA,NA,1,"Southwest"
"The Bridge Academy District","2016-17","Literacy",NA,NA,NA,1,"Southwest"
"The Gilbert School District","2016-17","Creative",NA,NA,NA,5,"Western"
"The Gilbert School District","2016-17","Personal",NA,NA,NA,5,"Western"
"The Gilbert School District","2016-17","Physical",NA,NA,NA,5,"Western"
"The Gilbert School District","2016-17","Numeracy",NA,NA,NA,5,"Western"
"The Gilbert School District","2016-17","Language",NA,NA,NA,5,"Western"
"The Gilbert School District","2016-17","Literacy",NA,NA,NA,5,"Western"
"Thomaston School District","2016-17","Personal",37.5,48.2,14.3,5,"Western"
"Thomaston School District","2016-17","Numeracy",67.9,26.8,5.4,5,"Western"
"Thomaston School District","2016-17","Creative",25,41.1,33.9,5,"Western"
"Thomaston School District","2016-17","Literacy",69.6,23.2,7.1,5,"Western"
"Thomaston School District","2016-17","Language",55.4,41.1,3.6,5,"Western"
"Thomaston School District","2016-17","Physical",30.4,44.6,25,5,"Western"
"Thompson School District","2016-17","Personal",30.7,58.7,10.7,3,"Eastern"
"Thompson School District","2016-17","Creative",25.3,68,6.7,3,"Eastern"
"Thompson School District","2016-17","Numeracy",42.7,49.3,8,3,"Eastern"
"Thompson School District","2016-17","Language",33.3,57.3,9.3,3,"Eastern"
"Thompson School District","2016-17","Physical",13.3,72,14.7,3,"Eastern"
"Thompson School District","2016-17","Literacy",40,45.3,14.7,3,"Eastern"
"Tolland School District","2016-17","Numeracy",16.8,52.6,30.7,4,"North Central"
"Tolland School District","2016-17","Literacy",22.6,50.4,27,4,"North Central"
"Tolland School District","2016-17","Personal",30.7,58.4,10.9,4,"North Central"
"Tolland School District","2016-17","Creative",9.5,66.4,24.1,4,"North Central"
"Tolland School District","2016-17","Physical",8,69.3,22.6,4,"North Central"
"Tolland School District","2016-17","Language",20.4,64.2,15.3,4,"North Central"
"Torrington School District","2016-17","Physical",17.9,38.8,43.3,5,"Western"
"Torrington School District","2016-17","Literacy",27.5,45.4,27.2,5,"Western"
"Torrington School District","2016-17","Personal",21.2,51,27.8,5,"Western"
"Torrington School District","2016-17","Language",29.9,44.2,26,5,"Western"
"Torrington School District","2016-17","Numeracy",23.9,43.6,32.5,5,"Western"
"Torrington School District","2016-17","Creative",20.9,33.4,45.7,5,"Western"
"Trailblazers Academy District","2016-17","Language",NA,NA,NA,1,"Southwest"
"Trailblazers Academy District","2016-17","Personal",NA,NA,NA,1,"Southwest"
"Trailblazers Academy District","2016-17","Creative",NA,NA,NA,1,"Southwest"
"Trailblazers Academy District","2016-17","Numeracy",NA,NA,NA,1,"Southwest"
"Trailblazers Academy District","2016-17","Physical",NA,NA,NA,1,"Southwest"
"Trailblazers Academy District","2016-17","Literacy",NA,NA,NA,1,"Southwest"
"Trumbull School District","2016-17","Creative",15.3,54.9,29.8,1,"Southwest"
"Trumbull School District","2016-17","Personal",21.8,51.4,26.8,1,"Southwest"
"Trumbull School District","2016-17","Language",28.6,44.1,27.3,1,"Southwest"
"Trumbull School District","2016-17","Numeracy",23.6,49.6,26.8,1,"Southwest"
"Trumbull School District","2016-17","Physical",16.5,57.4,26.1,1,"Southwest"
"Trumbull School District","2016-17","Literacy",28.3,43.1,28.6,1,"Southwest"
"Unified School District #1","2016-17","Personal",NA,NA,NA,NA,NA
"Unified School District #1","2016-17","Numeracy",NA,NA,NA,NA,NA
"Unified School District #1","2016-17","Creative",NA,NA,NA,NA,NA
"Unified School District #1","2016-17","Physical",NA,NA,NA,NA,NA
"Unified School District #1","2016-17","Literacy",NA,NA,NA,NA,NA
"Unified School District #1","2016-17","Language",NA,NA,NA,NA,NA
"Unified School District #2","2016-17","Numeracy",NA,NA,NA,4,"North Central"
"Unified School District #2","2016-17","Physical",NA,NA,NA,4,"North Central"
"Unified School District #2","2016-17","Literacy",NA,NA,NA,4,"North Central"
"Unified School District #2","2016-17","Creative",NA,NA,NA,4,"North Central"
"Unified School District #2","2016-17","Language",NA,NA,NA,4,"North Central"
"Unified School District #2","2016-17","Personal",NA,NA,NA,4,"North Central"
"Union School District","2016-17","Language",NA,NA,NA,3,"Eastern"
"Union School District","2016-17","Literacy",NA,NA,NA,3,"Eastern"
"Union School District","2016-17","Personal",NA,NA,NA,3,"Eastern"
"Union School District","2016-17","Numeracy",NA,NA,NA,3,"Eastern"
"Union School District","2016-17","Physical",NA,NA,NA,3,"Eastern"
"Union School District","2016-17","Creative",NA,NA,NA,3,"Eastern"
"Vernon School District","2016-17","Personal",22.3,41.2,36.6,4,"North Central"
"Vernon School District","2016-17","Language",26.1,34,39.9,4,"North Central"
"Vernon School District","2016-17","Numeracy",20.2,36.1,43.7,4,"North Central"
"Vernon School District","2016-17","Physical",11.3,40.8,47.9,4,"North Central"
"Vernon School District","2016-17","Creative",14.3,42.4,43.3,4,"North Central"
"Vernon School District","2016-17","Literacy",19.7,42.4,37.8,4,"North Central"
"Voluntown School District","2016-17","Language",4.3,13,82.6,3,"Eastern"
"Voluntown School District","2016-17","Numeracy",NA,26.1,73.9,3,"Eastern"
"Voluntown School District","2016-17","Personal",4.3,17.4,78.3,3,"Eastern"
"Voluntown School District","2016-17","Physical",NA,13,87,3,"Eastern"
"Voluntown School District","2016-17","Creative",NA,21.7,78.3,3,"Eastern"
"Voluntown School District","2016-17","Literacy",NA,30.4,69.6,3,"Eastern"
"Wallingford School District","2016-17","Physical",8.9,38,53.1,6,"Central"
"Wallingford School District","2016-17","Creative",6.4,40,53.6,6,"Central"
"Wallingford School District","2016-17","Numeracy",18,39.5,42.5,6,"Central"
"Wallingford School District","2016-17","Literacy",19,40.7,40.2,6,"Central"
"Wallingford School District","2016-17","Personal",19,41.7,39.3,6,"Central"
"Wallingford School District","2016-17","Language",23.7,43,33.3,6,"Central"
"Waterbury School District","2016-17","Creative",19.8,48.3,31.8,5,"Western"
"Waterbury School District","2016-17","Language",34.8,40,25.1,5,"Western"
"Waterbury School District","2016-17","Physical",21.1,44.3,34.6,5,"Western"
"Waterbury School District","2016-17","Personal",24.2,46.6,29.2,5,"Western"
"Waterbury School District","2016-17","Literacy",34.9,41.6,23.5,5,"Western"
"Waterbury School District","2016-17","Numeracy",34.4,41.3,24.3,5,"Western"
"Waterford School District","2016-17","Language",19.7,51.8,28.5,3,"Eastern"
"Waterford School District","2016-17","Personal",16.1,56.9,27,3,"Eastern"
"Waterford School District","2016-17","Numeracy",18.2,51.8,29.9,3,"Eastern"
"Waterford School District","2016-17","Physical",11.7,60.6,27.7,3,"Eastern"
"Waterford School District","2016-17","Creative",10.2,65,24.8,3,"Eastern"
"Waterford School District","2016-17","Literacy",19.7,50.4,29.9,3,"Eastern"
"Watertown School District","2016-17","Personal",21.7,36,42.3,5,"Western"
"Watertown School District","2016-17","Numeracy",21.2,45.5,33.3,5,"Western"
"Watertown School District","2016-17","Creative",11.6,36.5,51.9,5,"Western"
"Watertown School District","2016-17","Language",23.8,37,39.2,5,"Western"
"Watertown School District","2016-17","Literacy",23.8,45.5,30.7,5,"Western"
"Watertown School District","2016-17","Physical",14.8,36,49.2,5,"Western"
"Westbrook School District","2016-17","Numeracy",12.5,41.1,46.4,3,"Eastern"
"Westbrook School District","2016-17","Creative",1.8,42.9,55.4,3,"Eastern"
"Westbrook School District","2016-17","Literacy",16.1,42.9,41.1,3,"Eastern"
"Westbrook School District","2016-17","Personal",8.9,41.1,50,3,"Eastern"
"Westbrook School District","2016-17","Physical",5.4,42.9,51.8,3,"Eastern"
"Westbrook School District","2016-17","Language",23.2,41.1,35.7,3,"Eastern"
"Western Connecticut Regional Educational Services","2016-17","Physical",NA,NA,NA,5,"Western"
"Western Connecticut Regional Educational Services","2016-17","Literacy",NA,NA,NA,5,"Western"
"Western Connecticut Regional Educational Services","2016-17","Personal",NA,NA,NA,5,"Western"
"Western Connecticut Regional Educational Services","2016-17","Language",NA,NA,NA,5,"Western"
"Western Connecticut Regional Educational Services","2016-17","Numeracy",NA,NA,NA,5,"Western"
"Western Connecticut Regional Educational Services","2016-17","Creative",NA,NA,NA,5,"Western"
"West Hartford School District","2016-17","Language",19.2,39.9,40.9,4,"North Central"
"West Hartford School District","2016-17","Personal",17.5,45,37.5,4,"North Central"
"West Hartford School District","2016-17","Physical",6.7,38.6,54.6,4,"North Central"
"West Hartford School District","2016-17","Numeracy",14.4,38.5,47.1,4,"North Central"
"West Hartford School District","2016-17","Creative",8,39.3,52.7,4,"North Central"
"West Hartford School District","2016-17","Literacy",15.7,37.2,47.1,4,"North Central"
"West Haven School District","2016-17","Physical",26.6,56.1,17.4,2,"South Central"
"West Haven School District","2016-17","Creative",32,50.4,17.6,2,"South Central"
"West Haven School District","2016-17","Language",44.6,43.7,11.7,2,"South Central"
"West Haven School District","2016-17","Personal",34.7,50.6,14.6,2,"South Central"
"West Haven School District","2016-17","Numeracy",39.5,47.5,13,2,"South Central"
"West Haven School District","2016-17","Literacy",42.1,44.4,13.6,2,"South Central"
"Weston School District","2016-17","Personal",4.7,21.9,73.4,1,"Southwest"
"Weston School District","2016-17","Creative",1.6,5.5,93,1,"Southwest"
"Weston School District","2016-17","Physical",1.6,10.2,88.3,1,"Southwest"
"Weston School District","2016-17","Numeracy",3.9,13.3,82.8,1,"Southwest"
"Weston School District","2016-17","Literacy",3.9,18.8,77.3,1,"Southwest"
"Weston School District","2016-17","Language",3.9,25.8,70.3,1,"Southwest"
"Westport School District","2016-17","Numeracy",5.5,42.8,51.7,1,"Southwest"
"Westport School District","2016-17","Personal",8,43.1,48.9,1,"Southwest"
"Westport School District","2016-17","Literacy",8.3,42.8,48.9,1,"Southwest"
"Westport School District","2016-17","Creative",3.7,42.5,53.8,1,"Southwest"
"Westport School District","2016-17","Language",12.5,41,46.5,1,"Southwest"
"Westport School District","2016-17","Physical",3.4,43.4,53.2,1,"Southwest"
"Wethersfield School District","2016-17","Literacy",20.5,45.6,33.9,6,"Central"
"Wethersfield School District","2016-17","Numeracy",19.7,43.5,36.8,6,"Central"
"Wethersfield School District","2016-17","Creative",18.8,46,35.1,6,"Central"
"Wethersfield School District","2016-17","Personal",23,53.6,23.4,6,"Central"
"Wethersfield School District","2016-17","Physical",16.3,48.5,35.1,6,"Central"
"Wethersfield School District","2016-17","Language",27.2,39.7,33.1,6,"Central"
"Willington School District","2016-17","Personal",9.8,31.7,58.5,3,"Eastern"
"Willington School District","2016-17","Numeracy",12.2,36.6,51.2,3,"Eastern"
"Willington School District","2016-17","Language",12.2,31.7,56.1,3,"Eastern"
"Willington School District","2016-17","Physical",12.2,34.1,53.7,3,"Eastern"
"Willington School District","2016-17","Literacy",17.1,29.3,53.7,3,"Eastern"
"Willington School District","2016-17","Creative",7.3,39,53.7,3,"Eastern"
"Wilton School District","2016-17","Physical",0.4,5.7,93.9,1,"Southwest"
"Wilton School District","2016-17","Language",1.3,16.2,82.5,1,"Southwest"
"Wilton School District","2016-17","Personal",0.9,11.4,87.7,1,"Southwest"
"Wilton School District","2016-17","Literacy",0.4,7.9,91.7,1,"Southwest"
"Wilton School District","2016-17","Creative",0.4,5.7,93.9,1,"Southwest"
"Wilton School District","2016-17","Numeracy",0.4,5.7,93.9,1,"Southwest"
"Winchester School District","2016-17","Literacy",39.4,59.1,1.5,5,"Western"
"Winchester School District","2016-17","Personal",30.3,50,19.7,5,"Western"
"Winchester School District","2016-17","Numeracy",37.9,56.1,6.1,5,"Western"
"Winchester School District","2016-17","Physical",13.6,80.3,6.1,5,"Western"
"Winchester School District","2016-17","Creative",16.7,71.2,12.1,5,"Western"
"Winchester School District","2016-17","Language",34.8,56.1,9.1,5,"Western"
"Windham School District","2016-17","Language",36.4,45.5,18.2,3,"Eastern"
"Windham School District","2016-17","Numeracy",32.5,51.4,16.1,3,"Eastern"
"Windham School District","2016-17","Physical",16.4,57.3,26.2,3,"Eastern"
"Windham School District","2016-17","Personal",31.5,51.4,17.1,3,"Eastern"
"Windham School District","2016-17","Literacy",38.1,45.1,16.8,3,"Eastern"
"Windham School District","2016-17","Creative",19.9,55.6,24.5,3,"Eastern"
"Windsor Locks School District","2016-17","Personal",18.9,46.2,34.9,4,"North Central"
"Windsor Locks School District","2016-17","Language",19.8,42.5,37.7,4,"North Central"
"Windsor Locks School District","2016-17","Creative",5.7,54.7,39.6,4,"North Central"
"Windsor Locks School District","2016-17","Physical",4.7,45.3,50,4,"North Central"
"Windsor Locks School District","2016-17","Numeracy",17,47.2,35.8,4,"North Central"
"Windsor Locks School District","2016-17","Literacy",19.8,52.8,27.4,4,"North Central"
"Windsor School District","2016-17","Physical",14.9,39.8,45.3,4,"North Central"
"Windsor School District","2016-17","Language",23.2,36.5,40.3,4,"North Central"
"Windsor School District","2016-17","Literacy",34.8,38.1,27.1,4,"North Central"
"Windsor School District","2016-17","Personal",26,48.6,25.4,4,"North Central"
"Windsor School District","2016-17","Numeracy",19.3,44.8,35.9,4,"North Central"
"Windsor School District","2016-17","Creative",14.4,41.4,44.2,4,"North Central"
"Wolcott School District","2016-17","Language",15,43.6,41.4,5,"Western"
"Wolcott School District","2016-17","Literacy",12.9,42.1,45,5,"Western"
"Wolcott School District","2016-17","Personal",9.3,45,45.7,5,"Western"
"Wolcott School District","2016-17","Physical",6.4,40.7,52.9,5,"Western"
"Wolcott School District","2016-17","Numeracy",8.6,49.3,42.1,5,"Western"
"Wolcott School District","2016-17","Creative",4.3,47.1,48.6,5,"Western"
"Woodbridge School District","2016-17","Creative",15.8,64.2,20,2,"South Central"
"Woodbridge School District","2016-17","Personal",27.4,56.8,15.8,2,"South Central"
"Woodbridge School District","2016-17","Physical",18.9,67.4,13.7,2,"South Central"
"Woodbridge School District","2016-17","Language",27.4,62.1,10.5,2,"South Central"
"Woodbridge School District","2016-17","Numeracy",20,62.1,17.9,2,"South Central"
"Woodbridge School District","2016-17","Literacy",23.2,62.1,14.7,2,"South Central"
"Woodstock Academy District","2016-17","Language",NA,NA,NA,3,"Eastern"
"Woodstock Academy District","2016-17","Literacy",NA,NA,NA,3,"Eastern"
"Woodstock Academy District","2016-17","Personal",NA,NA,NA,3,"Eastern"
"Woodstock Academy District","2016-17","Numeracy",NA,NA,NA,3,"Eastern"
"Woodstock Academy District","2016-17","Physical",NA,NA,NA,3,"Eastern"
"Woodstock Academy District","2016-17","Creative",NA,NA,NA,3,"Eastern"
"Woodstock School District","2016-17","Language",17.9,32.8,49.3,3,"Eastern"
"Woodstock School District","2016-17","Numeracy",13.4,31.3,55.2,3,"Eastern"
"Woodstock School District","2016-17","Personal",19.4,23.9,56.7,3,"Eastern"
"Woodstock School District","2016-17","Creative",9,28.4,62.7,3,"Eastern"
"Woodstock School District","2016-17","Literacy",13.4,23.9,62.7,3,"Eastern"
"Woodstock School District","2016-17","Physical",10.4,22.4,67.2,3,"Eastern"
